-- Script gerado para inserir 500 usuários, endereços e telefones

INSERT INTO Usuarios (Nome, Sobrenome, Email, Senha, CargoId, DepartamentoId, RacaId, PossuiDeficiencia, CID, GeneroId, StatusUsuarioId, TipoUsuarioId, DataCriacao, UltimaAtualizacao, Deleted) VALUES

('Ana', 'Oliveira', 'ana.oliveira1@example.com', 'Senha123', 1, 1, 2, 0, NULL, 3, 3, 2, '2025-05-17 03:37:15', '2025-06-02 11:23:48', 0),
('Bruno', 'Oliveira', 'bruno.oliveira2@example.com', 'Senha123', 1, 1, 1, 0, NULL, 7, 2, 1, '2025-02-19 21:01:36', '2025-05-20 12:00:56', 0),
('Bruno', 'Silva', 'bruno.silva3@example.com', 'Senha123', 1, 1, 5, 0, NULL, 6, 1, 1, '2024-12-29 07:20:48', '2025-06-14 00:40:17', 0),
('Lucas', 'Nunes', 'lucas.nunes4@example.com', 'Senha123', 1, 1, 2, 0, NULL, 2, 2, 3, '2024-10-21 03:37:16', '2025-05-22 00:30:36', 0),
('Ana', 'Castro', 'ana.castro5@example.com', 'Senha123', 1, 1, 1, 0, NULL, 8, 1, 1, '2025-05-16 10:37:53', '2025-06-13 15:53:30', 0),
('Gustavo', 'Oliveira', 'gustavo.oliveira6@example.com', 'Senha123', 1, 1, 2, 0, NULL, 2, 3, 3, '2024-09-12 15:26:48', '2024-10-22 12:56:44', 0),
('Ricardo', 'Dias', 'ricardo.dias7@example.com', 'Senha123', 1, 1, 6, 0, NULL, 9, 2, 2, '2024-09-17 19:33:00', '2024-11-26 15:46:18', 0),
('Felipe', 'Santos', 'felipe.santos8@example.com', 'Senha123', 1, 1, 6, 0, NULL, 3, 3, 3, '2025-04-20 23:27:54', '2025-05-08 16:11:22', 0),
('Sandra', 'Gomes', 'sandra.gomes9@example.com', 'Senha123', 1, 1, 1, 1, 'G30', 6, 1, 3, '2024-09-22 07:20:01', '2025-05-21 06:34:42', 0),
('Ana', 'Pereira', 'ana.pereira10@example.com', 'Senha123', 1, 1, 4, 0, NULL, 4, 2, 1, '2024-09-10 15:52:30', '2025-01-21 12:11:50', 0),
('Juliana', 'Barbosa', 'juliana.barbosa11@example.com', 'Senha123', 1, 1, 4, 1, 'G30', 8, 2, 1, '2025-05-21 07:54:31', '2025-06-15 14:22:17', 0),
('Patricia', 'Martins', 'patricia.martins12@example.com', 'Senha123', 1, 1, 1, 0, NULL, 1, 2, 1, '2025-03-19 20:41:28', '2025-04-13 19:15:11', 0),
('Carla', 'Barbosa', 'carla.barbosa13@example.com', 'Senha123', 1, 1, 4, 0, NULL, 3, 2, 2, '2024-08-20 06:53:56', '2025-03-02 02:07:05', 0),
('Ricardo', 'Alves', 'ricardo.alves14@example.com', 'Senha123', 1, 1, 6, 0, NULL, 8, 1, 1, '2024-08-28 04:07:11', '2024-10-07 13:53:57', 0),
('Pedro', 'Nunes', 'pedro.nunes15@example.com', 'Senha123', 1, 1, 4, 0, NULL, 9, 2, 2, '2025-05-21 04:45:48', '2025-06-15 21:21:52', 0),
('Paula', 'Ferreira', 'paula.ferreira16@example.com', 'Senha123', 1, 1, 4, 0, NULL, 6, 3, 2, '2024-08-26 00:50:06', '2024-11-13 10:45:07', 0),
('Mariana', 'Ferreira', 'mariana.ferreira17@example.com', 'Senha123', 1, 1, 6, 0, NULL, 8, 3, 3, '2024-12-17 11:28:26', '2025-01-30 12:06:55', 0),
('Felipe', 'Nunes', 'felipe.nunes18@example.com', 'Senha123', 1, 1, 1, 0, NULL, 1, 3, 2, '2024-10-10 00:34:00', '2025-06-07 00:44:03', 0),
('Juliana', 'Silva', 'juliana.silva19@example.com', 'Senha123', 1, 1, 6, 0, NULL, 7, 1, 3, '2024-09-21 19:17:04', '2025-06-09 00:53:20', 0),
('Laura', 'Oliveira', 'laura.oliveira20@example.com', 'Senha123', 1, 1, 3, 0, NULL, 3, 2, 2, '2025-03-06 00:53:51', '2025-03-30 15:21:26', 0),
('Lucas', 'Silva', 'lucas.silva21@example.com', 'Senha123', 1, 1, 6, 0, NULL, 4, 2, 3, '2025-03-09 18:59:54', '2025-03-09 19:57:47', 0),
('Mariana', 'Silva', 'mariana.silva22@example.com', 'Senha123', 1, 1, 3, 0, NULL, 7, 1, 2, '2025-05-23 23:13:21', '2025-06-06 22:29:50', 0),
('Marcia', 'Oliveira', 'marcia.oliveira23@example.com', 'Senha123', 1, 1, 4, 0, NULL, 1, 2, 3, '2025-04-25 20:16:42', '2025-06-11 09:25:34', 0),
('Marcia', 'Castro', 'marcia.castro24@example.com', 'Senha123', 1, 1, 3, 0, NULL, 8, 3, 1, '2024-08-13 15:00:21', '2025-05-21 09:46:23', 0),
('Ana', 'Oliveira', 'ana.oliveira25@example.com', 'Senha123', 1, 1, 6, 0, NULL, 6, 1, 2, '2025-04-10 19:13:09', '2025-04-16 15:05:12', 0),
('Felipe', 'Castro', 'felipe.castro26@example.com', 'Senha123', 1, 1, 6, 0, NULL, 3, 3, 1, '2024-09-10 06:42:55', '2025-03-02 17:27:25', 0),
('Sandra', 'Rocha', 'sandra.rocha27@example.com', 'Senha123', 1, 1, 2, 0, NULL, 7, 2, 2, '2024-10-22 05:04:53', '2025-06-24 09:56:36', 0),
('Lucas', 'Gomes', 'lucas.gomes28@example.com', 'Senha123', 1, 1, 6, 0, NULL, 2, 2, 2, '2024-09-12 17:46:43', '2025-01-22 16:49:24', 0),
('Patricia', 'Moura', 'patricia.moura29@example.com', 'Senha123', 1, 1, 4, 0, NULL, 3, 3, 3, '2024-08-10 18:25:59', '2024-10-21 10:31:09', 0),
('Ricardo', 'Nunes', 'ricardo.nunes30@example.com', 'Senha123', 1, 1, 1, 0, NULL, 1, 3, 2, '2024-06-28 16:24:05', '2025-01-20 04:30:37', 0),
('Patricia', 'Dias', 'patricia.dias31@example.com', 'Senha123', 1, 1, 2, 0, NULL, 9, 1, 2, '2024-06-27 07:13:19', '2025-05-25 01:45:15', 0),
('Paula', 'Rocha', 'paula.rocha32@example.com', 'Senha123', 1, 1, 2, 0, NULL, 3, 1, 3, '2024-11-21 17:58:41', '2024-12-23 12:01:50', 0),
('Marcia', 'Castro', 'marcia.castro33@example.com', 'Senha123', 1, 1, 2, 0, NULL, 1, 1, 3, '2024-12-08 18:47:40', '2025-04-18 09:49:31', 0),
('Fernanda', 'Cardoso', 'fernanda.cardoso34@example.com', 'Senha123', 1, 1, 2, 0, NULL, 2, 2, 2, '2025-01-10 02:43:26', '2025-04-15 02:52:42', 0),
('Juliana', 'Oliveira', 'juliana.oliveira35@example.com', 'Senha123', 1, 1, 6, 0, NULL, 7, 3, 1, '2025-03-15 14:15:19', '2025-04-07 14:57:18', 0),
('Bruno', 'Cardoso', 'bruno.cardoso36@example.com', 'Senha123', 1, 1, 3, 1, 'E11', 4, 2, 1, '2024-08-17 00:40:14', '2024-09-03 03:09:21', 0),
('Ana', 'Lima', 'ana.lima37@example.com', 'Senha123', 1, 1, 5, 0, NULL, 6, 2, 2, '2024-07-22 06:29:04', '2024-08-27 06:22:32', 0),
('Mariana', 'Farias', 'mariana.farias38@example.com', 'Senha123', 1, 1, 2, 0, NULL, 7, 2, 3, '2025-04-14 09:52:37', '2025-05-15 19:51:50', 0),
('Rafael', 'Cardoso', 'rafael.cardoso39@example.com', 'Senha123', 1, 1, 5, 0, NULL, 6, 3, 3, '2024-12-05 01:51:54', '2025-05-08 05:44:32', 0),
('Sandra', 'Costa', 'sandra.costa40@example.com', 'Senha123', 1, 1, 1, 0, NULL, 1, 3, 1, '2025-02-25 04:59:39', '2025-06-27 01:41:47', 0),
('Laura', 'Oliveira', 'laura.oliveira41@example.com', 'Senha123', 1, 1, 6, 0, NULL, 8, 1, 3, '2024-11-20 06:47:58', '2025-05-13 04:16:07', 0),
('Lucas', 'Barbosa', 'lucas.barbosa42@example.com', 'Senha123', 1, 1, 4, 0, NULL, 6, 3, 3, '2024-07-30 07:02:36', '2025-02-05 15:35:38', 0),
('Mariana', 'Nunes', 'mariana.nunes43@example.com', 'Senha123', 1, 1, 6, 0, NULL, 9, 2, 1, '2024-11-14 19:00:04', '2025-05-15 11:35:37', 0),
('Carlos', 'Nunes', 'carlos.nunes44@example.com', 'Senha123', 1, 1, 6, 0, NULL, 7, 3, 2, '2024-09-06 12:27:00', '2024-11-13 04:53:13', 0),
('Sandra', 'Martins', 'sandra.martins45@example.com', 'Senha123', 1, 1, 6, 0, NULL, 7, 1, 3, '2025-03-12 01:42:24', '2025-04-20 06:09:58', 0),
('André', 'Alves', 'andré.alves46@example.com', 'Senha123', 1, 1, 5, 0, NULL, 8, 2, 2, '2024-12-21 18:01:32', '2025-05-07 21:17:11', 0),
('Ricardo', 'Martins', 'ricardo.martins47@example.com', 'Senha123', 1, 1, 6, 0, NULL, 9, 3, 2, '2025-01-02 17:23:10', '2025-04-16 22:13:41', 0),
('Sandra', 'Costa', 'sandra.costa48@example.com', 'Senha123', 1, 1, 6, 1, 'E11', 8, 1, 1, '2025-05-05 05:47:11', '2025-05-09 19:00:37', 0),
('João', 'Melo', 'joão.melo49@example.com', 'Senha123', 1, 1, 4, 0, NULL, 9, 2, 1, '2024-08-14 08:25:11', '2024-12-22 13:44:02', 0),
('Pedro', 'Alves', 'pedro.alves50@example.com', 'Senha123', 1, 1, 1, 0, NULL, 9, 3, 3, '2025-01-03 03:15:34', '2025-05-02 05:53:53', 0),
('Carla', 'Gomes', 'carla.gomes51@example.com', 'Senha123', 1, 1, 4, 1, 'E22', 5, 2, 1, '2024-12-25 01:20:01', '2025-02-02 23:23:59', 0),
('Rafael', 'Dias', 'rafael.dias52@example.com', 'Senha123', 1, 1, 2, 0, NULL, 2, 1, 2, '2025-04-30 16:49:17', '2025-05-03 02:30:12', 0),
('Juliana', 'Martins', 'juliana.martins53@example.com', 'Senha123', 1, 1, 6, 1, 'E11', 6, 3, 2, '2024-07-29 03:56:11', '2024-10-27 16:11:04', 0),
('Rafael', 'Farias', 'rafael.farias54@example.com', 'Senha123', 1, 1, 6, 0, NULL, 5, 3, 1, '2024-12-28 16:36:53', '2025-03-05 11:30:45', 0),
('Laura', 'Farias', 'laura.farias55@example.com', 'Senha123', 1, 1, 3, 0, NULL, 8, 3, 1, '2025-05-09 19:57:46', '2025-06-06 19:38:14', 0),
('Carla', 'Nunes', 'carla.nunes56@example.com', 'Senha123', 1, 1, 5, 0, NULL, 2, 2, 1, '2025-06-10 04:43:55', '2025-06-11 18:40:10', 0),
('Laura', 'Rocha', 'laura.rocha57@example.com', 'Senha123', 1, 1, 3, 0, NULL, 1, 3, 1, '2024-07-22 21:23:39', '2025-02-07 06:05:32', 0),
('Laura', 'Castro', 'laura.castro58@example.com', 'Senha123', 1, 1, 4, 1, 'G30', 9, 3, 1, '2024-07-21 13:37:07', '2025-06-25 21:37:49', 0),
('Patricia', 'Farias', 'patricia.farias59@example.com', 'Senha123', 1, 1, 5, 0, NULL, 1, 3, 3, '2024-10-23 15:57:51', '2025-02-24 08:53:51', 0),
('Laura', 'Costa', 'laura.costa60@example.com', 'Senha123', 1, 1, 5, 1, 'E11', 4, 3, 3, '2024-10-16 02:14:45', '2024-12-24 18:27:10', 0),
('Ricardo', 'Santos', 'ricardo.santos61@example.com', 'Senha123', 1, 1, 4, 0, NULL, 6, 1, 2, '2025-06-26 10:04:16', '2025-06-26 13:22:48', 0),
('Paula', 'Castro', 'paula.castro62@example.com', 'Senha123', 1, 1, 6, 0, NULL, 8, 2, 2, '2025-01-21 22:30:07', '2025-03-28 16:00:18', 0),
('Marcia', 'Rocha', 'marcia.rocha63@example.com', 'Senha123', 1, 1, 4, 0, NULL, 5, 1, 1, '2024-08-24 15:39:00', '2025-01-16 19:16:22', 0),
('Carla', 'Melo', 'carla.melo64@example.com', 'Senha123', 1, 1, 3, 0, NULL, 3, 2, 2, '2025-04-04 10:28:44', '2025-04-08 15:33:35', 0),
('Paula', 'Lima', 'paula.lima65@example.com', 'Senha123', 1, 1, 6, 1, 'G30', 6, 1, 2, '2024-09-09 16:44:37', '2025-04-25 23:30:48', 0),
('Patricia', 'Santos', 'patricia.santos66@example.com', 'Senha123', 1, 1, 6, 0, NULL, 1, 2, 3, '2024-08-28 14:34:30', '2025-03-02 22:41:55', 0),
('André', 'Pereira', 'andré.pereira67@example.com', 'Senha123', 1, 1, 4, 0, NULL, 6, 2, 1, '2025-06-22 11:43:10', '2025-06-24 01:28:07', 0),
('Bruno', 'Costa', 'bruno.costa68@example.com', 'Senha123', 1, 1, 4, 1, 'G30', 1, 2, 3, '2024-09-27 02:25:15', '2025-06-19 17:19:39', 0),
('Carla', 'Castro', 'carla.castro69@example.com', 'Senha123', 1, 1, 1, 0, NULL, 8, 3, 1, '2025-01-31 20:57:47', '2025-04-12 15:40:39', 0),
('André', 'Dias', 'andré.dias70@example.com', 'Senha123', 1, 1, 6, 0, NULL, 8, 1, 3, '2024-07-28 14:11:13', '2025-01-20 20:21:47', 0),
('Pedro', 'Ribeiro', 'pedro.ribeiro71@example.com', 'Senha123', 1, 1, 4, 1, 'E11', 2, 1, 1, '2025-03-08 05:20:12', '2025-04-22 17:38:59', 0),
('João', 'Ferreira', 'joão.ferreira72@example.com', 'Senha123', 1, 1, 2, 0, NULL, 7, 2, 1, '2025-03-02 13:20:30', '2025-06-03 12:50:53', 0),
('Bruno', 'Ribeiro', 'bruno.ribeiro73@example.com', 'Senha123', 1, 1, 2, 0, NULL, 1, 2, 2, '2025-05-11 03:01:33', '2025-06-09 22:36:31', 0),
('Mariana', 'Dias', 'mariana.dias74@example.com', 'Senha123', 1, 1, 5, 1, 'F20', 7, 3, 2, '2024-12-26 17:47:09', '2025-06-17 09:37:15', 0),
('Lucas', 'Melo', 'lucas.melo75@example.com', 'Senha123', 1, 1, 4, 0, NULL, 1, 2, 1, '2024-08-06 10:09:50', '2025-05-14 22:05:40', 0),
('Ricardo', 'Lima', 'ricardo.lima76@example.com', 'Senha123', 1, 1, 6, 0, NULL, 1, 3, 3, '2024-10-06 01:02:47', '2025-05-19 00:28:41', 0),
('Marcia', 'Melo', 'marcia.melo77@example.com', 'Senha123', 1, 1, 2, 0, NULL, 3, 2, 1, '2024-07-12 11:41:17', '2025-03-27 07:22:58', 0),
('André', 'Melo', 'andré.melo78@example.com', 'Senha123', 1, 1, 5, 0, NULL, 2, 2, 3, '2025-03-09 07:08:31', '2025-05-26 16:50:11', 0),
('André', 'Martins', 'andré.martins79@example.com', 'Senha123', 1, 1, 2, 0, NULL, 5, 1, 3, '2024-09-10 02:12:37', '2025-03-18 09:57:15', 0),
('Carla', 'Santos', 'carla.santos80@example.com', 'Senha123', 1, 1, 6, 0, NULL, 4, 1, 2, '2025-01-01 00:10:47', '2025-01-19 01:28:32', 0),
('Bruno', 'Silva', 'bruno.silva81@example.com', 'Senha123', 1, 1, 4, 0, NULL, 9, 3, 3, '2024-12-14 04:11:51', '2025-05-07 19:28:05', 0),
('João', 'Ferreira', 'joão.ferreira82@example.com', 'Senha123', 1, 1, 2, 0, NULL, 7, 2, 1, '2024-11-19 01:40:10', '2025-04-12 02:57:26', 0),
('Marcia', 'Nunes', 'marcia.nunes83@example.com', 'Senha123', 1, 1, 2, 0, NULL, 4, 2, 3, '2024-07-18 22:05:37', '2024-08-22 09:11:37', 0),
('Felipe', 'Farias', 'felipe.farias84@example.com', 'Senha123', 1, 1, 6, 0, NULL, 3, 3, 3, '2025-02-12 14:29:08', '2025-05-25 19:15:42', 0),
('Juliana', 'Oliveira', 'juliana.oliveira85@example.com', 'Senha123', 1, 1, 4, 0, NULL, 5, 2, 1, '2025-06-15 10:37:19', '2025-06-19 20:31:43', 0),
('Juliana', 'Gomes', 'juliana.gomes86@example.com', 'Senha123', 1, 1, 3, 0, NULL, 3, 1, 1, '2025-05-14 17:45:08', '2025-06-22 14:33:24', 0),
('Juliana', 'Nunes', 'juliana.nunes87@example.com', 'Senha123', 1, 1, 3, 0, NULL, 1, 3, 1, '2024-09-19 11:20:59', '2024-12-07 06:35:07', 0),
('Patricia', 'Martins', 'patricia.martins88@example.com', 'Senha123', 1, 1, 1, 0, NULL, 6, 1, 1, '2025-01-06 23:27:51', '2025-04-23 18:51:58', 0),
('Ricardo', 'Farias', 'ricardo.farias89@example.com', 'Senha123', 1, 1, 4, 0, NULL, 4, 3, 3, '2025-04-23 23:01:57', '2025-06-01 06:12:23', 0),
('Ana', 'Barbosa', 'ana.barbosa90@example.com', 'Senha123', 1, 1, 4, 1, 'G30', 8, 2, 3, '2025-03-04 08:29:49', '2025-04-30 00:44:59', 0),
('André', 'Cardoso', 'andré.cardoso91@example.com', 'Senha123', 1, 1, 5, 0, NULL, 8, 1, 2, '2024-08-21 22:54:23', '2025-06-15 06:23:07', 0),
('Laura', 'Cardoso', 'laura.cardoso92@example.com', 'Senha123', 1, 1, 6, 0, NULL, 5, 3, 1, '2025-02-12 18:57:40', '2025-06-15 12:58:57', 0),
('Marcia', 'Silva', 'marcia.silva93@example.com', 'Senha123', 1, 1, 1, 0, NULL, 8, 3, 1, '2025-03-27 15:56:05', '2025-05-10 11:31:30', 0),
('Pedro', 'Santos', 'pedro.santos94@example.com', 'Senha123', 1, 1, 1, 0, NULL, 8, 2, 2, '2025-01-22 12:22:09', '2025-03-07 02:01:51', 0),
('Ana', 'Dias', 'ana.dias95@example.com', 'Senha123', 1, 1, 4, 0, NULL, 8, 3, 3, '2024-09-28 12:24:39', '2024-11-14 15:44:03', 0),
('Felipe', 'Lima', 'felipe.lima96@example.com', 'Senha123', 1, 1, 1, 0, NULL, 5, 1, 2, '2025-05-01 22:50:53', '2025-06-22 22:47:06', 0),
('Rafael', 'Lima', 'rafael.lima97@example.com', 'Senha123', 1, 1, 6, 1, 'G30', 3, 2, 3, '2025-03-19 21:15:51', '2025-05-18 02:03:40', 0),
('Carla', 'Farias', 'carla.farias98@example.com', 'Senha123', 1, 1, 2, 0, NULL, 2, 2, 3, '2024-12-03 14:17:12', '2025-06-12 02:27:39', 0),
('Ana', 'Oliveira', 'ana.oliveira99@example.com', 'Senha123', 1, 1, 6, 0, NULL, 4, 1, 1, '2024-08-07 01:36:14', '2024-09-28 16:37:02', 0),
('Felipe', 'Rocha', 'felipe.rocha100@example.com', 'Senha123', 1, 1, 1, 0, NULL, 1, 3, 1, '2025-02-26 03:29:09', '2025-03-10 05:07:17', 0),
('Sandra', 'Lima', 'sandra.lima101@example.com', 'Senha123', 1, 1, 2, 0, NULL, 1, 1, 3, '2024-11-16 08:15:24', '2025-03-25 04:53:33', 0),
('João', 'Nunes', 'joão.nunes102@example.com', 'Senha123', 1, 1, 2, 0, NULL, 1, 1, 1, '2025-05-16 09:19:24', '2025-05-30 18:39:37', 0),
('Carla', 'Moura', 'carla.moura103@example.com', 'Senha123', 1, 1, 6, 1, 'F20', 8, 2, 3, '2024-12-10 08:33:43', '2024-12-23 16:02:40', 0),
('João', 'Oliveira', 'joão.oliveira104@example.com', 'Senha123', 1, 1, 2, 0, NULL, 5, 2, 2, '2025-03-27 16:25:12', '2025-03-28 03:04:05', 0),
('Felipe', 'Martins', 'felipe.martins105@example.com', 'Senha123', 1, 1, 1, 0, NULL, 4, 1, 2, '2024-10-17 09:55:35', '2025-01-18 17:51:13', 0),
('Juliana', 'Dias', 'juliana.dias106@example.com', 'Senha123', 1, 1, 3, 0, NULL, 3, 2, 2, '2024-08-02 02:38:43', '2025-05-29 16:51:44', 0),
('Mariana', 'Ferreira', 'mariana.ferreira107@example.com', 'Senha123', 1, 1, 6, 0, NULL, 3, 3, 3, '2025-04-18 00:08:43', '2025-04-20 00:05:23', 0),
('Marcia', 'Cardoso', 'marcia.cardoso108@example.com', 'Senha123', 1, 1, 5, 0, NULL, 8, 3, 1, '2025-02-10 23:18:05', '2025-05-26 23:40:17', 0),
('Fernanda', 'Santos', 'fernanda.santos109@example.com', 'Senha123', 1, 1, 5, 1, 'H15', 8, 1, 2, '2024-08-06 10:23:14', '2024-09-09 03:36:12', 0),
('Marcia', 'Silva', 'marcia.silva110@example.com', 'Senha123', 1, 1, 5, 0, NULL, 1, 2, 3, '2024-10-08 15:08:11', '2024-10-24 04:52:59', 0),
('Gustavo', 'Oliveira', 'gustavo.oliveira111@example.com', 'Senha123', 1, 1, 6, 0, NULL, 8, 2, 2, '2025-01-14 18:41:20', '2025-06-11 22:32:58', 0),
('Ricardo', 'Dias', 'ricardo.dias112@example.com', 'Senha123', 1, 1, 1, 0, NULL, 1, 1, 3, '2025-06-01 17:55:49', '2025-06-23 18:45:48', 0),
('André', 'Santos', 'andré.santos113@example.com', 'Senha123', 1, 1, 1, 0, NULL, 5, 1, 1, '2025-06-14 02:55:17', '2025-06-20 06:56:01', 0),
('Ricardo', 'Martins', 'ricardo.martins114@example.com', 'Senha123', 1, 1, 2, 0, NULL, 9, 3, 1, '2025-02-24 03:31:04', '2025-05-01 09:20:37', 0),
('Sandra', 'Lima', 'sandra.lima115@example.com', 'Senha123', 1, 1, 4, 0, NULL, 9, 2, 1, '2024-11-05 09:25:50', '2024-11-21 00:25:02', 0),
('Lucas', 'Alves', 'lucas.alves116@example.com', 'Senha123', 1, 1, 3, 0, NULL, 9, 2, 3, '2024-08-01 21:25:58', '2025-01-31 17:44:29', 0),
('Lucas', 'Dias', 'lucas.dias117@example.com', 'Senha123', 1, 1, 1, 1, 'G30', 2, 3, 1, '2024-08-10 13:57:46', '2025-06-23 00:08:01', 0),
('Marcia', 'Farias', 'marcia.farias118@example.com', 'Senha123', 1, 1, 2, 0, NULL, 5, 1, 3, '2025-02-13 05:11:25', '2025-05-07 22:32:09', 0),
('Paula', 'Gomes', 'paula.gomes119@example.com', 'Senha123', 1, 1, 4, 0, NULL, 8, 3, 2, '2024-10-28 16:58:08', '2025-01-27 21:59:54', 0),
('Paula', 'Dias', 'paula.dias120@example.com', 'Senha123', 1, 1, 1, 0, NULL, 4, 3, 3, '2025-02-12 00:43:05', '2025-03-02 18:22:55', 0),
('Marcia', 'Farias', 'marcia.farias121@example.com', 'Senha123', 1, 1, 6, 0, NULL, 8, 2, 3, '2025-06-04 00:34:22', '2025-06-10 08:55:31', 0),
('Laura', 'Moura', 'laura.moura122@example.com', 'Senha123', 1, 1, 4, 1, 'F20', 3, 3, 3, '2024-11-16 19:00:41', '2024-12-08 06:00:56', 0),
('Sandra', 'Pereira', 'sandra.pereira123@example.com', 'Senha123', 1, 1, 6, 1, 'E11', 6, 3, 1, '2024-12-16 02:00:21', '2025-03-25 01:16:54', 0),
('Paula', 'Nunes', 'paula.nunes124@example.com', 'Senha123', 1, 1, 5, 0, NULL, 1, 2, 1, '2024-11-28 20:01:38', '2025-04-18 21:33:28', 0),
('Pedro', 'Silva', 'pedro.silva125@example.com', 'Senha123', 1, 1, 3, 0, NULL, 6, 1, 1, '2024-11-09 21:13:21', '2025-06-12 11:17:20', 0),
('Paula', 'Santos', 'paula.santos126@example.com', 'Senha123', 1, 1, 4, 0, NULL, 1, 2, 1, '2024-06-29 06:24:33', '2025-02-24 11:02:10', 0),
('Patricia', 'Nunes', 'patricia.nunes127@example.com', 'Senha123', 1, 1, 6, 1, 'H15', 1, 2, 2, '2025-04-02 07:11:08', '2025-05-29 01:24:48', 0),
('Paula', 'Rocha', 'paula.rocha128@example.com', 'Senha123', 1, 1, 1, 0, NULL, 6, 3, 2, '2024-07-06 15:32:33', '2024-12-26 09:56:43', 0),
('Sandra', 'Cardoso', 'sandra.cardoso129@example.com', 'Senha123', 1, 1, 6, 0, NULL, 5, 2, 2, '2024-09-15 05:08:50', '2024-10-11 04:34:31', 0),
('Pedro', 'Martins', 'pedro.martins130@example.com', 'Senha123', 1, 1, 6, 0, NULL, 3, 2, 3, '2025-03-28 14:05:14', '2025-06-13 09:18:09', 0),
('Carlos', 'Ferreira', 'carlos.ferreira131@example.com', 'Senha123', 1, 1, 2, 0, NULL, 8, 1, 3, '2024-08-03 17:13:45', '2025-06-07 05:38:16', 0),
('Gustavo', 'Dias', 'gustavo.dias132@example.com', 'Senha123', 1, 1, 6, 1, 'H15', 1, 1, 2, '2024-10-05 07:54:19', '2024-10-23 22:51:18', 0),
('Laura', 'Alves', 'laura.alves133@example.com', 'Senha123', 1, 1, 5, 0, NULL, 5, 2, 2, '2024-07-04 14:20:22', '2025-02-05 17:43:12', 0),
('Gustavo', 'Rocha', 'gustavo.rocha134@example.com', 'Senha123', 1, 1, 4, 0, NULL, 3, 2, 2, '2025-04-01 21:49:25', '2025-04-10 00:24:24', 0),
('Laura', 'Farias', 'laura.farias135@example.com', 'Senha123', 1, 1, 3, 0, NULL, 6, 2, 1, '2025-01-29 03:40:17', '2025-05-08 14:12:43', 0),
('Juliana', 'Barbosa', 'juliana.barbosa136@example.com', 'Senha123', 1, 1, 1, 0, NULL, 1, 2, 3, '2024-10-10 01:03:31', '2025-04-22 01:50:22', 0),
('Carla', 'Lima', 'carla.lima137@example.com', 'Senha123', 1, 1, 1, 0, NULL, 9, 2, 1, '2025-01-17 04:21:41', '2025-06-18 02:30:14', 0),
('João', 'Moura', 'joão.moura138@example.com', 'Senha123', 1, 1, 1, 0, NULL, 5, 3, 1, '2025-04-11 13:44:26', '2025-05-16 12:33:35', 0),
('João', 'Gomes', 'joão.gomes139@example.com', 'Senha123', 1, 1, 5, 0, NULL, 2, 3, 2, '2025-04-22 11:42:58', '2025-05-04 19:01:47', 0),
('Ana', 'Pereira', 'ana.pereira140@example.com', 'Senha123', 1, 1, 5, 0, NULL, 2, 2, 1, '2025-05-01 06:06:40', '2025-06-18 00:23:22', 0),
('Laura', 'Gomes', 'laura.gomes141@example.com', 'Senha123', 1, 1, 4, 0, NULL, 7, 1, 3, '2024-07-13 07:29:04', '2025-02-25 04:30:30', 0),
('Carlos', 'Barbosa', 'carlos.barbosa142@example.com', 'Senha123', 1, 1, 3, 0, NULL, 8, 3, 3, '2025-03-02 09:59:12', '2025-04-14 17:23:52', 0),
('Ana', 'Ribeiro', 'ana.ribeiro143@example.com', 'Senha123', 1, 1, 2, 0, NULL, 7, 3, 1, '2024-10-30 21:26:13', '2025-01-11 05:46:40', 0),
('Felipe', 'Costa', 'felipe.costa144@example.com', 'Senha123', 1, 1, 2, 0, NULL, 7, 1, 3, '2025-04-03 13:33:04', '2025-06-27 06:24:08', 0),
('João', 'Lima', 'joão.lima145@example.com', 'Senha123', 1, 1, 1, 0, NULL, 2, 1, 2, '2024-06-28 18:24:40', '2024-09-06 14:51:11', 0),
('Fernanda', 'Nunes', 'fernanda.nunes146@example.com', 'Senha123', 1, 1, 5, 0, NULL, 5, 3, 1, '2025-01-16 08:25:25', '2025-04-30 22:55:07', 0),
('Gustavo', 'Silva', 'gustavo.silva147@example.com', 'Senha123', 1, 1, 6, 0, NULL, 2, 1, 2, '2024-12-14 00:59:17', '2025-06-26 02:09:49', 0),
('Fernanda', 'Castro', 'fernanda.castro148@example.com', 'Senha123', 1, 1, 4, 0, NULL, 3, 3, 2, '2024-10-02 05:28:05', '2025-06-25 17:14:03', 0),
('Carlos', 'Cardoso', 'carlos.cardoso149@example.com', 'Senha123', 1, 1, 3, 0, NULL, 4, 3, 2, '2024-09-23 01:35:41', '2024-10-09 07:00:16', 0),
('Carlos', 'Gomes', 'carlos.gomes150@example.com', 'Senha123', 1, 1, 1, 0, NULL, 2, 3, 1, '2025-06-26 21:21:41', '2025-06-27 04:55:15', 0),
('Felipe', 'Farias', 'felipe.farias151@example.com', 'Senha123', 1, 1, 6, 0, NULL, 6, 2, 3, '2025-03-11 08:28:42', '2025-05-22 06:44:35', 0),
('Paula', 'Pereira', 'paula.pereira152@example.com', 'Senha123', 1, 1, 3, 0, NULL, 8, 3, 2, '2024-07-13 23:20:21', '2024-11-12 00:53:54', 0),
('Pedro', 'Nunes', 'pedro.nunes153@example.com', 'Senha123', 1, 1, 1, 0, NULL, 7, 1, 2, '2025-02-27 11:42:15', '2025-04-01 20:20:57', 0),
('Bruno', 'Melo', 'bruno.melo154@example.com', 'Senha123', 1, 1, 2, 0, NULL, 9, 2, 3, '2025-04-27 15:42:31', '2025-06-21 07:47:09', 0),
('Ricardo', 'Silva', 'ricardo.silva155@example.com', 'Senha123', 1, 1, 4, 0, NULL, 6, 3, 1, '2024-07-12 12:24:46', '2024-08-12 11:10:45', 0),
('Ricardo', 'Pereira', 'ricardo.pereira156@example.com', 'Senha123', 1, 1, 1, 1, 'E11', 3, 1, 2, '2024-09-23 07:42:09', '2024-12-19 18:50:05', 0),
('Ana', 'Cardoso', 'ana.cardoso157@example.com', 'Senha123', 1, 1, 2, 0, NULL, 1, 1, 1, '2024-11-21 16:41:05', '2025-02-14 21:39:55', 0),
('Juliana', 'Costa', 'juliana.costa158@example.com', 'Senha123', 1, 1, 2, 0, NULL, 5, 2, 3, '2024-11-27 00:58:28', '2025-05-17 05:47:54', 0),
('André', 'Moura', 'andré.moura159@example.com', 'Senha123', 1, 1, 6, 0, NULL, 2, 2, 2, '2024-10-25 03:27:03', '2024-11-18 01:15:19', 0),
('Juliana', 'Martins', 'juliana.martins160@example.com', 'Senha123', 1, 1, 6, 0, NULL, 3, 3, 3, '2025-03-08 00:34:10', '2025-05-06 10:41:48', 0),
('Bruno', 'Nunes', 'bruno.nunes161@example.com', 'Senha123', 1, 1, 6, 0, NULL, 9, 1, 1, '2025-04-26 08:37:35', '2025-05-16 18:42:17', 0),
('Felipe', 'Ferreira', 'felipe.ferreira162@example.com', 'Senha123', 1, 1, 1, 0, NULL, 3, 1, 3, '2025-02-18 00:33:04', '2025-03-27 22:40:25', 0),
('Ana', 'Pereira', 'ana.pereira163@example.com', 'Senha123', 1, 1, 3, 0, NULL, 6, 2, 1, '2024-08-31 06:11:19', '2025-02-12 15:48:40', 0),
('Patricia', 'Castro', 'patricia.castro164@example.com', 'Senha123', 1, 1, 6, 0, NULL, 4, 1, 1, '2025-03-18 09:53:05', '2025-05-15 07:30:28', 0),
('Bruno', 'Silva', 'bruno.silva165@example.com', 'Senha123', 1, 1, 5, 0, NULL, 1, 2, 1, '2025-01-16 06:49:21', '2025-06-03 20:21:03', 0),
('Pedro', 'Nunes', 'pedro.nunes166@example.com', 'Senha123', 1, 1, 6, 0, NULL, 6, 1, 1, '2024-08-27 12:31:04', '2025-01-15 11:49:54', 0),
('Ana', 'Melo', 'ana.melo167@example.com', 'Senha123', 1, 1, 2, 0, NULL, 7, 3, 1, '2024-09-13 03:30:55', '2025-04-17 16:02:16', 0),
('André', 'Lima', 'andré.lima168@example.com', 'Senha123', 1, 1, 3, 0, NULL, 4, 2, 1, '2024-08-12 04:50:25', '2025-02-16 04:53:14', 0),
('Carla', 'Gomes', 'carla.gomes169@example.com', 'Senha123', 1, 1, 4, 0, NULL, 8, 3, 1, '2025-03-13 11:09:28', '2025-03-21 07:14:39', 0),
('Carla', 'Oliveira', 'carla.oliveira170@example.com', 'Senha123', 1, 1, 5, 1, 'H15', 1, 3, 2, '2024-08-17 18:04:29', '2025-03-15 06:04:04', 0),
('Ricardo', 'Dias', 'ricardo.dias171@example.com', 'Senha123', 1, 1, 4, 1, 'E22', 3, 2, 2, '2025-04-08 21:06:50', '2025-06-08 00:09:25', 0),
('Fernanda', 'Gomes', 'fernanda.gomes172@example.com', 'Senha123', 1, 1, 4, 0, NULL, 4, 1, 3, '2025-01-16 13:03:46', '2025-04-27 23:30:00', 0),
('Rafael', 'Costa', 'rafael.costa173@example.com', 'Senha123', 1, 1, 3, 1, 'H15', 2, 2, 3, '2025-03-01 12:40:43', '2025-06-20 07:18:47', 0),
('João', 'Lima', 'joão.lima174@example.com', 'Senha123', 1, 1, 5, 0, NULL, 1, 1, 3, '2025-06-24 16:34:06', '2025-06-27 15:16:57', 0),
('Gustavo', 'Martins', 'gustavo.martins175@example.com', 'Senha123', 1, 1, 6, 1, 'E22', 5, 1, 3, '2025-02-08 18:32:52', '2025-06-02 19:27:41', 0),
('Carla', 'Ferreira', 'carla.ferreira176@example.com', 'Senha123', 1, 1, 4, 0, NULL, 5, 1, 2, '2025-01-10 22:25:47', '2025-05-26 15:14:17', 0),
('Juliana', 'Gomes', 'juliana.gomes177@example.com', 'Senha123', 1, 1, 2, 0, NULL, 3, 3, 1, '2024-09-15 09:38:15', '2024-10-25 14:46:12', 0),
('Pedro', 'Rocha', 'pedro.rocha178@example.com', 'Senha123', 1, 1, 5, 0, NULL, 3, 3, 2, '2024-08-09 09:33:26', '2024-08-28 19:40:11', 0),
('Rafael', 'Barbosa', 'rafael.barbosa179@example.com', 'Senha123', 1, 1, 3, 0, NULL, 7, 3, 1, '2025-05-17 19:42:01', '2025-05-28 18:24:26', 0),
('Mariana', 'Dias', 'mariana.dias180@example.com', 'Senha123', 1, 1, 2, 0, NULL, 3, 2, 3, '2025-02-13 08:34:44', '2025-03-30 15:19:06', 0),
('Bruno', 'Silva', 'bruno.silva181@example.com', 'Senha123', 1, 1, 4, 0, NULL, 3, 1, 2, '2024-11-10 01:17:00', '2025-02-12 06:46:07', 0),
('Sandra', 'Alves', 'sandra.alves182@example.com', 'Senha123', 1, 1, 4, 0, NULL, 4, 2, 1, '2025-06-17 01:42:55', '2025-06-18 19:04:25', 0),
('Juliana', 'Ferreira', 'juliana.ferreira183@example.com', 'Senha123', 1, 1, 3, 1, 'E11', 1, 2, 3, '2024-08-29 05:59:00', '2024-11-28 04:57:57', 0),
('João', 'Melo', 'joão.melo184@example.com', 'Senha123', 1, 1, 4, 0, NULL, 6, 1, 2, '2024-10-21 18:25:33', '2024-11-20 02:23:49', 0),
('Laura', 'Rocha', 'laura.rocha185@example.com', 'Senha123', 1, 1, 3, 0, NULL, 5, 1, 1, '2025-01-04 05:41:32', '2025-02-12 11:49:49', 0),
('Carlos', 'Oliveira', 'carlos.oliveira186@example.com', 'Senha123', 1, 1, 6, 0, NULL, 1, 2, 3, '2024-12-03 22:48:02', '2025-03-05 16:07:02', 0),
('Sandra', 'Santos', 'sandra.santos187@example.com', 'Senha123', 1, 1, 3, 1, 'G30', 5, 3, 2, '2024-08-29 23:18:34', '2025-05-02 05:49:18', 0),
('Mariana', 'Costa', 'mariana.costa188@example.com', 'Senha123', 1, 1, 3, 0, NULL, 5, 1, 1, '2024-11-14 15:36:26', '2024-12-28 07:46:02', 0),
('Laura', 'Cardoso', 'laura.cardoso189@example.com', 'Senha123', 1, 1, 5, 0, NULL, 3, 1, 1, '2025-04-05 15:25:40', '2025-05-29 01:55:15', 0),
('Carla', 'Cardoso', 'carla.cardoso190@example.com', 'Senha123', 1, 1, 5, 0, NULL, 4, 1, 3, '2025-02-10 18:13:17', '2025-03-24 21:58:32', 0),
('Rafael', 'Melo', 'rafael.melo191@example.com', 'Senha123', 1, 1, 2, 0, NULL, 6, 3, 3, '2025-05-19 20:44:23', '2025-05-19 21:34:25', 0),
('Rafael', 'Farias', 'rafael.farias192@example.com', 'Senha123', 1, 1, 3, 0, NULL, 2, 2, 1, '2024-09-09 20:53:27', '2025-01-22 19:07:46', 0),
('Laura', 'Nunes', 'laura.nunes193@example.com', 'Senha123', 1, 1, 5, 0, NULL, 2, 2, 2, '2025-01-23 21:19:29', '2025-03-30 13:01:27', 0),
('Paula', 'Nunes', 'paula.nunes194@example.com', 'Senha123', 1, 1, 4, 0, NULL, 5, 2, 2, '2024-07-14 03:28:59', '2025-03-02 03:07:11', 0),
('Carlos', 'Cardoso', 'carlos.cardoso195@example.com', 'Senha123', 1, 1, 3, 0, NULL, 6, 2, 3, '2025-06-07 12:52:19', '2025-06-21 05:33:48', 0),
('Gustavo', 'Melo', 'gustavo.melo196@example.com', 'Senha123', 1, 1, 2, 1, 'F20', 5, 1, 3, '2025-01-17 21:18:41', '2025-03-21 12:00:22', 0),
('Fernanda', 'Silva', 'fernanda.silva197@example.com', 'Senha123', 1, 1, 5, 0, NULL, 8, 1, 2, '2025-04-09 09:30:46', '2025-06-05 10:36:24', 0),
('Sandra', 'Farias', 'sandra.farias198@example.com', 'Senha123', 1, 1, 1, 1, 'H15', 3, 2, 1, '2024-10-29 07:34:47', '2024-12-25 03:05:56', 0),
('Ricardo', 'Martins', 'ricardo.martins199@example.com', 'Senha123', 1, 1, 2, 0, NULL, 6, 2, 1, '2024-12-03 01:01:51', '2025-04-11 05:20:08', 0),
('Bruno', 'Cardoso', 'bruno.cardoso200@example.com', 'Senha123', 1, 1, 4, 0, NULL, 3, 1, 1, '2024-07-16 18:37:38', '2025-03-20 11:15:11', 0),
('Gustavo', 'Costa', 'gustavo.costa201@example.com', 'Senha123', 1, 1, 6, 0, NULL, 7, 1, 1, '2024-09-02 23:11:44', '2025-04-13 05:06:10', 0),
('Laura', 'Costa', 'laura.costa202@example.com', 'Senha123', 1, 1, 3, 0, NULL, 4, 3, 3, '2024-12-31 04:16:03', '2025-01-27 09:48:50', 0),
('Patricia', 'Barbosa', 'patricia.barbosa203@example.com', 'Senha123', 1, 1, 5, 0, NULL, 7, 2, 2, '2025-01-12 12:31:19', '2025-04-16 15:55:24', 0),
('Patricia', 'Nunes', 'patricia.nunes204@example.com', 'Senha123', 1, 1, 1, 0, NULL, 4, 3, 2, '2024-08-27 01:24:28', '2025-03-18 20:42:47', 0),
('Sandra', 'Ribeiro', 'sandra.ribeiro205@example.com', 'Senha123', 1, 1, 6, 1, 'H15', 6, 1, 3, '2025-03-20 09:38:51', '2025-03-23 20:56:26', 0),
('Fernanda', 'Farias', 'fernanda.farias206@example.com', 'Senha123', 1, 1, 2, 1, 'E11', 4, 1, 3, '2024-10-12 03:47:41', '2025-01-07 05:05:58', 0),
('Rafael', 'Farias', 'rafael.farias207@example.com', 'Senha123', 1, 1, 4, 0, NULL, 3, 2, 1, '2025-04-30 22:57:01', '2025-05-21 10:17:19', 0),
('Paula', 'Pereira', 'paula.pereira208@example.com', 'Senha123', 1, 1, 6, 0, NULL, 6, 2, 3, '2024-07-14 10:21:17', '2024-12-03 00:51:26', 0),
('Lucas', 'Barbosa', 'lucas.barbosa209@example.com', 'Senha123', 1, 1, 1, 0, NULL, 1, 2, 1, '2024-07-25 21:44:41', '2025-01-09 09:35:18', 0),
('Rafael', 'Alves', 'rafael.alves210@example.com', 'Senha123', 1, 1, 3, 0, NULL, 3, 2, 1, '2024-11-04 12:13:11', '2025-01-27 01:12:31', 0),
('Rafael', 'Alves', 'rafael.alves211@example.com', 'Senha123', 1, 1, 6, 1, 'H15', 4, 2, 3, '2024-08-09 07:53:34', '2024-09-19 14:45:19', 0),
('Rafael', 'Ribeiro', 'rafael.ribeiro212@example.com', 'Senha123', 1, 1, 4, 0, NULL, 8, 3, 2, '2025-01-28 15:16:02', '2025-04-03 04:22:43', 0),
('Laura', 'Rocha', 'laura.rocha213@example.com', 'Senha123', 1, 1, 2, 0, NULL, 4, 3, 3, '2024-11-19 10:48:28', '2024-12-02 02:36:04', 0),
('André', 'Nunes', 'andré.nunes214@example.com', 'Senha123', 1, 1, 4, 1, 'E11', 4, 1, 1, '2024-12-02 03:37:03', '2025-05-15 01:24:15', 0),
('Bruno', 'Martins', 'bruno.martins215@example.com', 'Senha123', 1, 1, 2, 0, NULL, 3, 1, 2, '2025-05-13 06:27:19', '2025-05-20 06:11:34', 0),
('Ana', 'Ferreira', 'ana.ferreira216@example.com', 'Senha123', 1, 1, 5, 0, NULL, 9, 2, 1, '2025-02-27 20:37:50', '2025-04-08 21:00:15', 0),
('Ana', 'Silva', 'ana.silva217@example.com', 'Senha123', 1, 1, 5, 0, NULL, 5, 1, 1, '2024-10-20 12:52:48', '2024-12-20 03:42:18', 0),
('Fernanda', 'Moura', 'fernanda.moura218@example.com', 'Senha123', 1, 1, 4, 0, NULL, 3, 2, 1, '2024-07-29 01:12:27', '2025-02-19 19:22:07', 0),
('Laura', 'Ribeiro', 'laura.ribeiro219@example.com', 'Senha123', 1, 1, 6, 0, NULL, 9, 3, 3, '2024-07-05 08:47:53', '2024-08-14 01:35:42', 0),
('Bruno', 'Pereira', 'bruno.pereira220@example.com', 'Senha123', 1, 1, 1, 0, NULL, 2, 2, 2, '2024-10-26 12:23:12', '2025-02-06 23:22:50', 0),
('Gustavo', 'Barbosa', 'gustavo.barbosa221@example.com', 'Senha123', 1, 1, 2, 0, NULL, 5, 1, 2, '2024-10-28 09:26:22', '2025-05-30 18:39:27', 0),
('Juliana', 'Melo', 'juliana.melo222@example.com', 'Senha123', 1, 1, 6, 0, NULL, 4, 3, 1, '2024-11-17 23:06:27', '2025-06-23 15:24:16', 0),
('Rafael', 'Martins', 'rafael.martins223@example.com', 'Senha123', 1, 1, 4, 1, 'H15', 1, 1, 3, '2025-04-30 10:33:59', '2025-05-11 17:06:41', 0),
('Lucas', 'Silva', 'lucas.silva224@example.com', 'Senha123', 1, 1, 5, 0, NULL, 4, 3, 2, '2025-06-25 10:40:05', '2025-06-26 14:43:38', 0),
('Pedro', 'Alves', 'pedro.alves225@example.com', 'Senha123', 1, 1, 1, 0, NULL, 7, 3, 1, '2025-05-30 20:49:43', '2025-06-24 15:19:33', 0),
('Lucas', 'Barbosa', 'lucas.barbosa226@example.com', 'Senha123', 1, 1, 1, 0, NULL, 7, 3, 2, '2024-07-01 06:08:16', '2025-03-10 21:43:12', 0),
('Felipe', 'Martins', 'felipe.martins227@example.com', 'Senha123', 1, 1, 4, 0, NULL, 2, 2, 1, '2024-10-29 11:18:09', '2025-01-11 23:23:58', 0),
('Laura', 'Ribeiro', 'laura.ribeiro228@example.com', 'Senha123', 1, 1, 6, 0, NULL, 9, 3, 1, '2025-05-02 15:24:01', '2025-05-28 06:45:12', 0),
('Marcia', 'Moura', 'marcia.moura229@example.com', 'Senha123', 1, 1, 1, 0, NULL, 2, 3, 1, '2025-04-10 02:52:42', '2025-06-12 03:50:10', 0),
('Lucas', 'Farias', 'lucas.farias230@example.com', 'Senha123', 1, 1, 1, 0, NULL, 4, 3, 2, '2025-04-05 15:40:32', '2025-05-01 11:03:13', 0),
('Ana', 'Rocha', 'ana.rocha231@example.com', 'Senha123', 1, 1, 5, 0, NULL, 5, 1, 1, '2024-08-28 08:32:58', '2025-05-21 22:23:24', 0),
('Gustavo', 'Gomes', 'gustavo.gomes232@example.com', 'Senha123', 1, 1, 1, 0, NULL, 2, 3, 2, '2025-04-21 12:21:21', '2025-06-02 14:48:34', 0),
('Juliana', 'Melo', 'juliana.melo233@example.com', 'Senha123', 1, 1, 1, 0, NULL, 5, 3, 1, '2024-12-24 21:32:53', '2025-05-13 05:23:43', 0),
('Carlos', 'Farias', 'carlos.farias234@example.com', 'Senha123', 1, 1, 1, 1, 'H15', 5, 3, 2, '2024-10-02 08:58:28', '2025-05-27 11:33:34', 0),
('Paula', 'Farias', 'paula.farias235@example.com', 'Senha123', 1, 1, 2, 0, NULL, 9, 3, 1, '2024-09-27 14:26:21', '2025-01-08 02:01:00', 0),
('João', 'Costa', 'joão.costa236@example.com', 'Senha123', 1, 1, 5, 0, NULL, 6, 1, 3, '2025-06-16 16:47:14', '2025-06-23 04:20:45', 0),
('Lucas', 'Silva', 'lucas.silva237@example.com', 'Senha123', 1, 1, 1, 0, NULL, 4, 3, 2, '2024-10-14 20:58:36', '2025-03-27 05:30:16', 0),
('Patricia', 'Gomes', 'patricia.gomes238@example.com', 'Senha123', 1, 1, 2, 1, 'H15', 2, 3, 1, '2025-05-20 01:48:38', '2025-06-08 18:14:51', 0),
('Lucas', 'Ribeiro', 'lucas.ribeiro239@example.com', 'Senha123', 1, 1, 6, 0, NULL, 6, 1, 3, '2025-06-16 15:36:11', '2025-06-24 13:15:43', 0),
('Carla', 'Farias', 'carla.farias240@example.com', 'Senha123', 1, 1, 1, 0, NULL, 2, 1, 2, '2024-09-21 08:03:01', '2024-12-03 16:17:38', 0),
('Juliana', 'Santos', 'juliana.santos241@example.com', 'Senha123', 1, 1, 4, 0, NULL, 7, 3, 2, '2024-11-04 14:01:59', '2025-04-26 14:31:04', 0),
('Mariana', 'Nunes', 'mariana.nunes242@example.com', 'Senha123', 1, 1, 5, 0, NULL, 8, 3, 1, '2025-01-18 16:37:11', '2025-05-19 14:29:28', 0),
('André', 'Ferreira', 'andré.ferreira243@example.com', 'Senha123', 1, 1, 2, 0, NULL, 3, 2, 1, '2024-07-20 00:56:57', '2025-06-06 05:10:17', 0),
('Pedro', 'Ribeiro', 'pedro.ribeiro244@example.com', 'Senha123', 1, 1, 1, 1, 'G30', 4, 3, 3, '2025-06-06 01:43:53', '2025-06-13 01:15:56', 0),
('Rafael', 'Ribeiro', 'rafael.ribeiro245@example.com', 'Senha123', 1, 1, 1, 1, 'E11', 3, 3, 3, '2024-08-31 04:12:44', '2024-12-17 09:32:40', 0),
('Paula', 'Alves', 'paula.alves246@example.com', 'Senha123', 1, 1, 6, 0, NULL, 7, 3, 3, '2025-03-27 16:05:41', '2025-05-13 04:12:40', 0),
('Paula', 'Moura', 'paula.moura247@example.com', 'Senha123', 1, 1, 5, 1, 'E22', 8, 1, 1, '2025-06-04 05:50:16', '2025-06-06 17:07:58', 0),
('Carlos', 'Ferreira', 'carlos.ferreira248@example.com', 'Senha123', 1, 1, 1, 0, NULL, 9, 3, 2, '2024-09-26 15:58:37', '2025-04-08 15:51:08', 0),
('Rafael', 'Cardoso', 'rafael.cardoso249@example.com', 'Senha123', 1, 1, 2, 0, NULL, 3, 3, 1, '2024-07-10 23:17:43', '2024-12-04 23:23:42', 0),
('Bruno', 'Castro', 'bruno.castro250@example.com', 'Senha123', 1, 1, 6, 0, NULL, 4, 3, 2, '2025-04-07 21:15:52', '2025-06-01 19:03:57', 0),
('Pedro', 'Rocha', 'pedro.rocha251@example.com', 'Senha123', 1, 1, 2, 1, 'H15', 9, 3, 2, '2025-04-28 05:08:56', '2025-06-09 10:14:25', 0),
('Pedro', 'Ribeiro', 'pedro.ribeiro252@example.com', 'Senha123', 1, 1, 1, 0, NULL, 5, 3, 2, '2024-11-17 05:35:01', '2025-03-15 07:45:58', 0),
('André', 'Silva', 'andré.silva253@example.com', 'Senha123', 1, 1, 5, 0, NULL, 4, 2, 1, '2025-04-02 13:12:28', '2025-04-09 19:13:10', 0),
('Mariana', 'Costa', 'mariana.costa254@example.com', 'Senha123', 1, 1, 2, 0, NULL, 1, 1, 1, '2025-06-19 08:05:06', '2025-06-25 12:30:52', 0),
('Fernanda', 'Moura', 'fernanda.moura255@example.com', 'Senha123', 1, 1, 5, 0, NULL, 3, 2, 3, '2024-11-02 00:20:50', '2025-05-11 14:25:34', 0),
('Bruno', 'Cardoso', 'bruno.cardoso256@example.com', 'Senha123', 1, 1, 2, 0, NULL, 9, 1, 2, '2024-12-07 11:49:48', '2025-02-08 00:44:38', 0),
('André', 'Nunes', 'andré.nunes257@example.com', 'Senha123', 1, 1, 5, 0, NULL, 9, 3, 2, '2025-06-02 01:54:21', '2025-06-26 04:44:23', 0),
('Patricia', 'Barbosa', 'patricia.barbosa258@example.com', 'Senha123', 1, 1, 2, 0, NULL, 7, 3, 2, '2025-05-27 13:38:10', '2025-06-07 02:38:51', 0),
('Juliana', 'Barbosa', 'juliana.barbosa259@example.com', 'Senha123', 1, 1, 4, 0, NULL, 5, 1, 3, '2024-08-18 19:42:43', '2025-01-18 00:42:14', 0),
('Paula', 'Ferreira', 'paula.ferreira260@example.com', 'Senha123', 1, 1, 4, 0, NULL, 8, 3, 3, '2024-10-09 08:41:48', '2025-01-05 23:42:18', 0),
('Mariana', 'Castro', 'mariana.castro261@example.com', 'Senha123', 1, 1, 6, 0, NULL, 4, 3, 1, '2025-05-02 16:54:05', '2025-05-28 16:05:31', 0),
('Ana', 'Castro', 'ana.castro262@example.com', 'Senha123', 1, 1, 1, 0, NULL, 6, 2, 3, '2024-10-05 21:59:13', '2024-11-21 10:44:52', 0),
('João', 'Nunes', 'joão.nunes263@example.com', 'Senha123', 1, 1, 2, 0, NULL, 4, 2, 3, '2024-07-27 06:09:58', '2025-04-05 23:47:43', 0),
('Gustavo', 'Castro', 'gustavo.castro264@example.com', 'Senha123', 1, 1, 1, 0, NULL, 2, 3, 3, '2025-02-22 18:20:02', '2025-05-05 17:42:40', 0),
('Rafael', 'Melo', 'rafael.melo265@example.com', 'Senha123', 1, 1, 4, 0, NULL, 8, 2, 3, '2025-04-06 10:40:27', '2025-04-29 04:05:00', 0),
('Paula', 'Alves', 'paula.alves266@example.com', 'Senha123', 1, 1, 1, 0, NULL, 1, 1, 2, '2025-02-04 13:29:33', '2025-02-16 08:18:58', 0),
('Pedro', 'Melo', 'pedro.melo267@example.com', 'Senha123', 1, 1, 2, 1, 'E11', 4, 3, 2, '2024-08-15 14:04:41', '2025-03-26 04:35:24', 0),
('Carla', 'Dias', 'carla.dias268@example.com', 'Senha123', 1, 1, 5, 0, NULL, 9, 2, 3, '2024-09-01 18:16:22', '2025-04-28 03:36:03', 0),
('Marcia', 'Dias', 'marcia.dias269@example.com', 'Senha123', 1, 1, 1, 0, NULL, 1, 3, 3, '2024-08-13 08:39:11', '2024-09-09 11:11:28', 0),
('Ricardo', 'Costa', 'ricardo.costa270@example.com', 'Senha123', 1, 1, 6, 0, NULL, 3, 3, 3, '2025-01-25 19:00:05', '2025-04-23 07:01:53', 0),
('Laura', 'Moura', 'laura.moura271@example.com', 'Senha123', 1, 1, 5, 0, NULL, 3, 2, 2, '2025-05-10 05:09:47', '2025-05-24 01:19:02', 0),
('Ricardo', 'Lima', 'ricardo.lima272@example.com', 'Senha123', 1, 1, 5, 0, NULL, 1, 2, 3, '2024-07-21 21:31:50', '2025-04-27 11:05:34', 0),
('João', 'Santos', 'joão.santos273@example.com', 'Senha123', 1, 1, 2, 1, 'E22', 2, 3, 1, '2024-10-21 19:57:37', '2025-01-31 15:42:57', 0),
('André', 'Oliveira', 'andré.oliveira274@example.com', 'Senha123', 1, 1, 2, 0, NULL, 7, 2, 1, '2024-11-10 09:08:35', '2024-12-03 04:03:05', 0),
('Paula', 'Ribeiro', 'paula.ribeiro275@example.com', 'Senha123', 1, 1, 1, 0, NULL, 8, 2, 2, '2025-02-10 21:27:02', '2025-04-30 17:25:55', 0),
('Ana', 'Silva', 'ana.silva276@example.com', 'Senha123', 1, 1, 5, 1, 'H15', 4, 2, 2, '2025-04-03 12:24:53', '2025-06-02 10:37:50', 0),
('Paula', 'Ribeiro', 'paula.ribeiro277@example.com', 'Senha123', 1, 1, 3, 0, NULL, 3, 2, 1, '2024-11-10 21:18:30', '2025-03-23 01:19:42', 0),
('Sandra', 'Farias', 'sandra.farias278@example.com', 'Senha123', 1, 1, 5, 0, NULL, 1, 1, 3, '2024-11-10 01:03:29', '2024-11-21 06:04:59', 0),
('Pedro', 'Gomes', 'pedro.gomes279@example.com', 'Senha123', 1, 1, 2, 0, NULL, 3, 3, 1, '2025-05-25 10:49:48', '2025-06-23 02:04:59', 0),
('Carla', 'Cardoso', 'carla.cardoso280@example.com', 'Senha123', 1, 1, 2, 0, NULL, 8, 3, 3, '2024-10-26 12:58:36', '2024-12-12 06:53:06', 0),
('Rafael', 'Dias', 'rafael.dias281@example.com', 'Senha123', 1, 1, 2, 0, NULL, 1, 2, 2, '2024-07-14 11:00:42', '2024-09-24 05:28:00', 0),
('Rafael', 'Nunes', 'rafael.nunes282@example.com', 'Senha123', 1, 1, 4, 1, 'E22', 8, 2, 1, '2024-12-24 12:11:39', '2025-05-22 12:25:05', 0),
('Carlos', 'Nunes', 'carlos.nunes283@example.com', 'Senha123', 1, 1, 2, 0, NULL, 9, 1, 2, '2025-04-08 07:59:14', '2025-05-20 14:25:00', 0),
('Felipe', 'Oliveira', 'felipe.oliveira284@example.com', 'Senha123', 1, 1, 4, 0, NULL, 6, 3, 3, '2024-11-01 15:41:37', '2024-11-20 20:45:04', 0),
('João', 'Gomes', 'joão.gomes285@example.com', 'Senha123', 1, 1, 1, 0, NULL, 6, 2, 1, '2025-03-29 15:10:09', '2025-05-17 19:07:56', 0),
('Felipe', 'Nunes', 'felipe.nunes286@example.com', 'Senha123', 1, 1, 2, 0, NULL, 8, 2, 2, '2025-01-08 05:17:54', '2025-01-20 04:03:53', 0),
('Carlos', 'Castro', 'carlos.castro287@example.com', 'Senha123', 1, 1, 2, 0, NULL, 4, 2, 2, '2024-12-06 05:41:59', '2025-02-13 11:58:58', 0),
('Pedro', 'Martins', 'pedro.martins288@example.com', 'Senha123', 1, 1, 1, 0, NULL, 8, 1, 1, '2024-07-01 20:53:28', '2025-05-30 06:24:25', 0),
('Rafael', 'Alves', 'rafael.alves289@example.com', 'Senha123', 1, 1, 1, 0, NULL, 5, 2, 1, '2025-01-28 21:54:41', '2025-03-16 10:36:59', 0),
('Lucas', 'Nunes', 'lucas.nunes290@example.com', 'Senha123', 1, 1, 4, 1, 'G30', 4, 3, 1, '2024-08-25 18:50:38', '2025-05-15 03:18:18', 0),
('Ana', 'Nunes', 'ana.nunes291@example.com', 'Senha123', 1, 1, 3, 0, NULL, 7, 3, 3, '2025-01-16 19:54:34', '2025-03-16 05:56:27', 0),
('Rafael', 'Lima', 'rafael.lima292@example.com', 'Senha123', 1, 1, 2, 0, NULL, 7, 1, 2, '2024-09-20 20:53:14', '2024-12-20 16:50:40', 0),
('Mariana', 'Santos', 'mariana.santos293@example.com', 'Senha123', 1, 1, 1, 0, NULL, 7, 3, 3, '2025-04-26 19:55:44', '2025-05-17 11:13:31', 0),
('Gustavo', 'Rocha', 'gustavo.rocha294@example.com', 'Senha123', 1, 1, 1, 0, NULL, 1, 2, 3, '2024-10-23 05:57:28', '2024-12-26 06:19:04', 0),
('Paula', 'Gomes', 'paula.gomes295@example.com', 'Senha123', 1, 1, 5, 0, NULL, 2, 3, 3, '2025-04-27 01:02:43', '2025-06-10 18:45:57', 0),
('Ana', 'Silva', 'ana.silva296@example.com', 'Senha123', 1, 1, 5, 0, NULL, 8, 2, 2, '2025-03-16 00:44:19', '2025-06-01 12:15:52', 0),
('Sandra', 'Castro', 'sandra.castro297@example.com', 'Senha123', 1, 1, 2, 0, NULL, 2, 1, 3, '2025-04-13 00:43:54', '2025-05-06 12:04:27', 0),
('Carlos', 'Cardoso', 'carlos.cardoso298@example.com', 'Senha123', 1, 1, 6, 1, 'E22', 7, 1, 2, '2025-02-05 04:59:30', '2025-03-13 06:56:05', 0),
('Laura', 'Castro', 'laura.castro299@example.com', 'Senha123', 1, 1, 4, 1, 'F20', 6, 2, 3, '2024-10-01 14:29:03', '2024-11-11 18:37:44', 0),
('Ana', 'Pereira', 'ana.pereira300@example.com', 'Senha123', 1, 1, 3, 0, NULL, 7, 3, 1, '2025-01-11 12:47:43', '2025-03-29 18:03:51', 0),
('Ana', 'Ferreira', 'ana.ferreira301@example.com', 'Senha123', 1, 1, 4, 1, 'G30', 7, 1, 3, '2025-05-02 05:51:46', '2025-06-16 21:48:42', 0),
('Ricardo', 'Ribeiro', 'ricardo.ribeiro302@example.com', 'Senha123', 1, 1, 3, 0, NULL, 7, 2, 3, '2025-04-21 17:42:39', '2025-06-14 16:03:39', 0),
('Rafael', 'Costa', 'rafael.costa303@example.com', 'Senha123', 1, 1, 2, 0, NULL, 2, 1, 3, '2025-02-24 08:53:04', '2025-06-24 06:43:02', 0),
('Gustavo', 'Dias', 'gustavo.dias304@example.com', 'Senha123', 1, 1, 2, 1, 'E22', 8, 1, 3, '2025-02-19 22:10:04', '2025-02-28 00:58:19', 0),
('Mariana', 'Martins', 'mariana.martins305@example.com', 'Senha123', 1, 1, 5, 0, NULL, 1, 2, 1, '2025-06-01 19:09:30', '2025-06-01 23:13:45', 0),
('André', 'Costa', 'andré.costa306@example.com', 'Senha123', 1, 1, 4, 0, NULL, 4, 3, 3, '2024-07-09 20:26:53', '2025-05-19 01:32:04', 0),
('Juliana', 'Ferreira', 'juliana.ferreira307@example.com', 'Senha123', 1, 1, 3, 0, NULL, 9, 3, 2, '2025-04-10 07:39:21', '2025-06-18 20:44:10', 0),
('Mariana', 'Melo', 'mariana.melo308@example.com', 'Senha123', 1, 1, 3, 0, NULL, 5, 1, 2, '2024-08-15 16:07:19', '2024-10-27 17:38:10', 0),
('Patricia', 'Ribeiro', 'patricia.ribeiro309@example.com', 'Senha123', 1, 1, 3, 0, NULL, 1, 3, 3, '2024-12-04 07:02:03', '2025-03-17 12:28:11', 0),
('Ana', 'Alves', 'ana.alves310@example.com', 'Senha123', 1, 1, 1, 0, NULL, 3, 3, 2, '2024-06-28 13:59:32', '2025-01-19 16:43:09', 0),
('Ricardo', 'Melo', 'ricardo.melo311@example.com', 'Senha123', 1, 1, 3, 0, NULL, 9, 3, 3, '2025-06-22 02:27:57', '2025-06-22 23:01:55', 0),
('Gustavo', 'Pereira', 'gustavo.pereira312@example.com', 'Senha123', 1, 1, 6, 0, NULL, 7, 1, 3, '2025-06-03 11:16:15', '2025-06-26 13:58:20', 0),
('Felipe', 'Dias', 'felipe.dias313@example.com', 'Senha123', 1, 1, 3, 0, NULL, 6, 3, 2, '2024-12-27 02:35:19', '2025-01-28 14:39:49', 0),
('André', 'Moura', 'andré.moura314@example.com', 'Senha123', 1, 1, 3, 0, NULL, 7, 1, 3, '2025-02-20 20:37:32', '2025-04-10 04:13:07', 0),
('Mariana', 'Pereira', 'mariana.pereira315@example.com', 'Senha123', 1, 1, 1, 0, NULL, 9, 1, 1, '2025-05-30 09:17:59', '2025-05-30 11:17:31', 0),
('João', 'Nunes', 'joão.nunes316@example.com', 'Senha123', 1, 1, 1, 0, NULL, 1, 1, 2, '2025-02-10 15:45:19', '2025-05-11 09:34:40', 0),
('Juliana', 'Santos', 'juliana.santos317@example.com', 'Senha123', 1, 1, 1, 0, NULL, 4, 3, 1, '2024-10-28 17:11:19', '2025-02-23 00:02:31', 0),
('Mariana', 'Moura', 'mariana.moura318@example.com', 'Senha123', 1, 1, 3, 0, NULL, 6, 1, 1, '2025-06-05 21:37:42', '2025-06-24 12:55:52', 0),
('Rafael', 'Pereira', 'rafael.pereira319@example.com', 'Senha123', 1, 1, 2, 0, NULL, 2, 3, 3, '2025-06-21 10:17:46', '2025-06-21 18:52:03', 0),
('Bruno', 'Silva', 'bruno.silva320@example.com', 'Senha123', 1, 1, 5, 0, NULL, 8, 3, 2, '2024-07-31 00:23:09', '2024-08-14 07:24:33', 0),
('Paula', 'Dias', 'paula.dias321@example.com', 'Senha123', 1, 1, 6, 0, NULL, 7, 1, 3, '2024-10-30 08:29:08', '2024-11-24 18:49:48', 0),
('Carla', 'Santos', 'carla.santos322@example.com', 'Senha123', 1, 1, 2, 0, NULL, 1, 2, 2, '2024-09-22 09:33:47', '2024-09-30 15:48:37', 0),
('Fernanda', 'Nunes', 'fernanda.nunes323@example.com', 'Senha123', 1, 1, 5, 0, NULL, 9, 3, 2, '2024-07-21 08:10:55', '2025-04-12 16:06:47', 0),
('Juliana', 'Rocha', 'juliana.rocha324@example.com', 'Senha123', 1, 1, 3, 0, NULL, 4, 3, 2, '2025-04-15 21:29:19', '2025-04-29 06:32:59', 0),
('Felipe', 'Gomes', 'felipe.gomes325@example.com', 'Senha123', 1, 1, 4, 0, NULL, 8, 2, 2, '2024-09-26 12:41:16', '2025-03-13 15:39:17', 0),
('Fernanda', 'Moura', 'fernanda.moura326@example.com', 'Senha123', 1, 1, 5, 0, NULL, 2, 1, 3, '2024-12-18 12:14:44', '2025-04-15 00:36:38', 0),
('Paula', 'Santos', 'paula.santos327@example.com', 'Senha123', 1, 1, 4, 1, 'F20', 1, 2, 3, '2025-01-30 05:56:22', '2025-03-03 07:22:17', 0),
('Marcia', 'Pereira', 'marcia.pereira328@example.com', 'Senha123', 1, 1, 1, 0, NULL, 1, 3, 3, '2024-11-20 03:13:17', '2025-06-13 01:49:27', 0),
('Laura', 'Nunes', 'laura.nunes329@example.com', 'Senha123', 1, 1, 6, 1, 'F20', 9, 3, 2, '2025-02-13 14:12:19', '2025-04-19 17:41:46', 0),
('Gustavo', 'Melo', 'gustavo.melo330@example.com', 'Senha123', 1, 1, 5, 0, NULL, 3, 3, 3, '2025-02-14 05:10:07', '2025-05-02 08:33:37', 0),
('Juliana', 'Barbosa', 'juliana.barbosa331@example.com', 'Senha123', 1, 1, 4, 0, NULL, 6, 2, 2, '2024-08-26 11:24:54', '2025-05-25 16:04:38', 0),
('Marcia', 'Silva', 'marcia.silva332@example.com', 'Senha123', 1, 1, 4, 1, 'H15', 3, 3, 1, '2025-01-07 12:02:57', '2025-02-10 17:11:15', 0),
('João', 'Farias', 'joão.farias333@example.com', 'Senha123', 1, 1, 2, 0, NULL, 4, 3, 3, '2025-01-16 23:06:07', '2025-02-15 10:38:30', 0),
('Ana', 'Ribeiro', 'ana.ribeiro334@example.com', 'Senha123', 1, 1, 6, 0, NULL, 6, 1, 1, '2025-03-04 01:35:53', '2025-03-09 18:29:41', 0),
('Gustavo', 'Pereira', 'gustavo.pereira335@example.com', 'Senha123', 1, 1, 4, 0, NULL, 3, 2, 3, '2025-06-22 13:54:20', '2025-06-27 10:34:05', 0),
('Rafael', 'Santos', 'rafael.santos336@example.com', 'Senha123', 1, 1, 5, 1, 'E11', 3, 1, 2, '2024-09-07 14:18:52', '2024-11-25 06:14:25', 0),
('Felipe', 'Cardoso', 'felipe.cardoso337@example.com', 'Senha123', 1, 1, 5, 0, NULL, 1, 2, 2, '2024-12-14 00:48:50', '2025-05-24 22:15:48', 0),
('João', 'Dias', 'joão.dias338@example.com', 'Senha123', 1, 1, 3, 0, NULL, 6, 3, 2, '2024-08-30 01:53:43', '2024-09-06 18:36:25', 0),
('Paula', 'Nunes', 'paula.nunes339@example.com', 'Senha123', 1, 1, 3, 1, 'F20', 5, 2, 3, '2025-02-24 03:01:36', '2025-05-09 21:49:04', 0),
('Pedro', 'Farias', 'pedro.farias340@example.com', 'Senha123', 1, 1, 5, 0, NULL, 6, 3, 1, '2024-09-29 04:09:11', '2025-05-17 10:26:35', 0),
('Marcia', 'Lima', 'marcia.lima341@example.com', 'Senha123', 1, 1, 1, 0, NULL, 1, 1, 3, '2025-02-01 08:38:41', '2025-04-03 22:56:56', 0),
('João', 'Alves', 'joão.alves342@example.com', 'Senha123', 1, 1, 2, 0, NULL, 5, 2, 2, '2025-06-15 15:18:38', '2025-06-26 03:38:44', 0),
('Ana', 'Moura', 'ana.moura343@example.com', 'Senha123', 1, 1, 2, 0, NULL, 2, 2, 2, '2025-05-06 20:31:53', '2025-05-16 02:54:53', 0),
('Patricia', 'Oliveira', 'patricia.oliveira344@example.com', 'Senha123', 1, 1, 1, 0, NULL, 5, 3, 2, '2024-10-26 03:09:38', '2024-11-25 10:24:02', 0),
('Mariana', 'Cardoso', 'mariana.cardoso345@example.com', 'Senha123', 1, 1, 2, 0, NULL, 7, 3, 1, '2024-07-13 01:34:13', '2025-06-05 20:02:05', 0),
('Gustavo', 'Melo', 'gustavo.melo346@example.com', 'Senha123', 1, 1, 1, 0, NULL, 3, 3, 3, '2024-09-17 17:35:21', '2024-10-09 03:26:14', 0),
('Ricardo', 'Barbosa', 'ricardo.barbosa347@example.com', 'Senha123', 1, 1, 3, 0, NULL, 4, 2, 2, '2024-11-09 10:17:51', '2024-12-24 23:12:07', 0),
('Ricardo', 'Martins', 'ricardo.martins348@example.com', 'Senha123', 1, 1, 1, 0, NULL, 7, 3, 1, '2024-12-13 13:18:06', '2025-04-25 03:55:16', 0),
('Felipe', 'Barbosa', 'felipe.barbosa349@example.com', 'Senha123', 1, 1, 5, 0, NULL, 8, 2, 3, '2024-08-05 08:02:40', '2024-08-13 21:06:29', 0),
('Lucas', 'Santos', 'lucas.santos350@example.com', 'Senha123', 1, 1, 1, 0, NULL, 5, 2, 2, '2024-11-05 08:21:21', '2025-01-01 13:24:02', 0),
('Carlos', 'Alves', 'carlos.alves351@example.com', 'Senha123', 1, 1, 5, 0, NULL, 1, 3, 2, '2025-01-23 17:49:23', '2025-05-28 06:04:52', 0),
('Lucas', 'Lima', 'lucas.lima352@example.com', 'Senha123', 1, 1, 5, 0, NULL, 6, 3, 2, '2024-10-02 19:44:57', '2025-06-17 06:51:01', 0),
('Mariana', 'Moura', 'mariana.moura353@example.com', 'Senha123', 1, 1, 4, 0, NULL, 1, 3, 3, '2024-08-09 08:58:51', '2024-11-26 03:36:21', 0),
('Marcia', 'Silva', 'marcia.silva354@example.com', 'Senha123', 1, 1, 6, 1, 'F20', 4, 1, 1, '2024-12-18 21:14:47', '2025-03-31 12:21:00', 0),
('Pedro', 'Nunes', 'pedro.nunes355@example.com', 'Senha123', 1, 1, 3, 0, NULL, 9, 1, 1, '2024-07-21 09:12:40', '2025-06-07 05:05:21', 0),
('Patricia', 'Martins', 'patricia.martins356@example.com', 'Senha123', 1, 1, 5, 0, NULL, 8, 1, 1, '2025-03-23 02:46:07', '2025-04-22 01:26:38', 0),
('Gustavo', 'Moura', 'gustavo.moura357@example.com', 'Senha123', 1, 1, 5, 0, NULL, 1, 1, 1, '2025-06-16 18:22:34', '2025-06-26 02:49:32', 0),
('Rafael', 'Dias', 'rafael.dias358@example.com', 'Senha123', 1, 1, 1, 0, NULL, 7, 3, 1, '2024-07-13 22:16:11', '2024-09-13 05:30:34', 0),
('Bruno', 'Melo', 'bruno.melo359@example.com', 'Senha123', 1, 1, 5, 0, NULL, 2, 1, 1, '2025-02-21 00:40:43', '2025-03-09 14:54:58', 0),
('Paula', 'Rocha', 'paula.rocha360@example.com', 'Senha123', 1, 1, 5, 0, NULL, 9, 2, 3, '2025-02-24 07:48:59', '2025-05-19 16:19:50', 0),
('Carlos', 'Ribeiro', 'carlos.ribeiro361@example.com', 'Senha123', 1, 1, 6, 0, NULL, 3, 3, 1, '2024-11-03 17:45:06', '2025-05-18 02:55:31', 0),
('Pedro', 'Castro', 'pedro.castro362@example.com', 'Senha123', 1, 1, 6, 0, NULL, 3, 1, 2, '2024-07-25 06:13:10', '2025-04-11 10:40:52', 0),
('Mariana', 'Alves', 'mariana.alves363@example.com', 'Senha123', 1, 1, 6, 0, NULL, 6, 2, 1, '2024-07-12 10:06:27', '2025-03-05 05:42:58', 0),
('Felipe', 'Pereira', 'felipe.pereira364@example.com', 'Senha123', 1, 1, 4, 0, NULL, 7, 3, 3, '2024-09-05 17:17:52', '2024-09-21 04:19:15', 0),
('Patricia', 'Martins', 'patricia.martins365@example.com', 'Senha123', 1, 1, 1, 0, NULL, 8, 1, 3, '2024-11-03 08:16:47', '2025-04-18 20:54:54', 0),
('Gustavo', 'Castro', 'gustavo.castro366@example.com', 'Senha123', 1, 1, 3, 0, NULL, 3, 1, 3, '2024-09-07 17:37:08', '2025-05-22 00:27:33', 0),
('Bruno', 'Silva', 'bruno.silva367@example.com', 'Senha123', 1, 1, 5, 0, NULL, 2, 3, 3, '2025-05-30 04:21:53', '2025-06-21 12:55:25', 0),
('Lucas', 'Castro', 'lucas.castro368@example.com', 'Senha123', 1, 1, 2, 0, NULL, 4, 2, 2, '2025-01-13 21:23:49', '2025-06-15 03:51:31', 0),
('Paula', 'Farias', 'paula.farias369@example.com', 'Senha123', 1, 1, 5, 1, 'F20', 6, 3, 1, '2024-11-15 05:37:34', '2025-05-02 05:06:57', 0),
('Felipe', 'Oliveira', 'felipe.oliveira370@example.com', 'Senha123', 1, 1, 5, 0, NULL, 7, 2, 2, '2024-10-27 00:10:56', '2025-02-04 20:18:43', 0),
('Fernanda', 'Pereira', 'fernanda.pereira371@example.com', 'Senha123', 1, 1, 2, 0, NULL, 7, 2, 2, '2025-01-09 03:23:23', '2025-02-08 12:27:57', 0),
('Ricardo', 'Alves', 'ricardo.alves372@example.com', 'Senha123', 1, 1, 5, 1, 'H15', 1, 2, 2, '2024-12-01 09:00:54', '2025-03-04 09:22:19', 0),
('Carla', 'Ribeiro', 'carla.ribeiro373@example.com', 'Senha123', 1, 1, 3, 0, NULL, 1, 2, 3, '2024-07-22 16:39:07', '2025-01-26 18:37:22', 0),
('Paula', 'Costa', 'paula.costa374@example.com', 'Senha123', 1, 1, 6, 1, 'E11', 3, 1, 3, '2024-12-15 12:38:57', '2025-02-11 21:48:52', 0),
('André', 'Moura', 'andré.moura375@example.com', 'Senha123', 1, 1, 2, 0, NULL, 6, 1, 3, '2024-09-18 19:29:28', '2025-02-25 07:51:41', 0),
('Felipe', 'Melo', 'felipe.melo376@example.com', 'Senha123', 1, 1, 1, 1, 'E11', 2, 1, 1, '2024-07-08 01:33:54', '2025-06-23 13:05:22', 0),
('Ana', 'Ferreira', 'ana.ferreira377@example.com', 'Senha123', 1, 1, 2, 0, NULL, 6, 2, 2, '2025-04-10 02:11:52', '2025-05-06 20:12:17', 0),
('Rafael', 'Moura', 'rafael.moura378@example.com', 'Senha123', 1, 1, 3, 1, 'E22', 6, 1, 2, '2024-12-30 16:52:32', '2025-03-03 22:20:15', 0),
('Fernanda', 'Cardoso', 'fernanda.cardoso379@example.com', 'Senha123', 1, 1, 1, 0, NULL, 8, 2, 3, '2024-11-04 14:38:01', '2024-11-22 05:38:28', 0),
('Bruno', 'Gomes', 'bruno.gomes380@example.com', 'Senha123', 1, 1, 2, 0, NULL, 8, 3, 2, '2025-05-24 03:38:23', '2025-05-25 09:44:06', 0),
('Paula', 'Costa', 'paula.costa381@example.com', 'Senha123', 1, 1, 2, 0, NULL, 1, 1, 1, '2024-10-25 13:38:56', '2024-12-14 13:19:07', 0),
('Paula', 'Cardoso', 'paula.cardoso382@example.com', 'Senha123', 1, 1, 3, 0, NULL, 1, 3, 2, '2025-05-18 23:41:20', '2025-06-17 10:55:51', 0),
('Fernanda', 'Silva', 'fernanda.silva383@example.com', 'Senha123', 1, 1, 4, 0, NULL, 4, 2, 2, '2025-02-22 01:36:46', '2025-05-12 13:01:25', 0),
('Sandra', 'Castro', 'sandra.castro384@example.com', 'Senha123', 1, 1, 6, 0, NULL, 8, 1, 3, '2025-02-09 15:58:42', '2025-05-10 09:12:56', 0),
('Ricardo', 'Gomes', 'ricardo.gomes385@example.com', 'Senha123', 1, 1, 1, 0, NULL, 3, 1, 3, '2025-03-13 01:19:24', '2025-04-19 02:14:59', 0),
('Carlos', 'Oliveira', 'carlos.oliveira386@example.com', 'Senha123', 1, 1, 5, 0, NULL, 1, 1, 1, '2024-08-05 13:43:45', '2025-01-20 09:24:03', 0),
('Pedro', 'Dias', 'pedro.dias387@example.com', 'Senha123', 1, 1, 5, 0, NULL, 6, 1, 2, '2025-06-11 10:09:01', '2025-06-11 15:13:57', 0),
('Bruno', 'Gomes', 'bruno.gomes388@example.com', 'Senha123', 1, 1, 1, 0, NULL, 4, 3, 1, '2025-04-04 21:36:06', '2025-05-15 01:34:29', 0),
('Juliana', 'Rocha', 'juliana.rocha389@example.com', 'Senha123', 1, 1, 2, 0, NULL, 4, 2, 3, '2025-01-07 22:02:06', '2025-03-21 10:44:23', 0),
('Carla', 'Ribeiro', 'carla.ribeiro390@example.com', 'Senha123', 1, 1, 6, 0, NULL, 7, 2, 2, '2024-11-19 20:49:07', '2025-02-09 18:30:25', 0),
('Paula', 'Ribeiro', 'paula.ribeiro391@example.com', 'Senha123', 1, 1, 2, 1, 'E22', 6, 3, 1, '2024-12-13 03:39:26', '2025-04-28 11:41:47', 0),
('Bruno', 'Cardoso', 'bruno.cardoso392@example.com', 'Senha123', 1, 1, 1, 1, 'F20', 9, 3, 3, '2024-09-29 22:38:32', '2025-01-25 11:17:41', 0),
('Laura', 'Pereira', 'laura.pereira393@example.com', 'Senha123', 1, 1, 1, 0, NULL, 7, 1, 3, '2025-01-20 18:05:27', '2025-02-01 16:26:22', 0),
('André', 'Ferreira', 'andré.ferreira394@example.com', 'Senha123', 1, 1, 1, 0, NULL, 3, 3, 3, '2025-01-02 12:33:53', '2025-02-27 13:08:57', 0),
('Mariana', 'Santos', 'mariana.santos395@example.com', 'Senha123', 1, 1, 4, 0, NULL, 2, 1, 1, '2024-08-28 13:05:20', '2024-10-30 13:20:16', 0),
('João', 'Barbosa', 'joão.barbosa396@example.com', 'Senha123', 1, 1, 5, 0, NULL, 2, 1, 3, '2025-03-13 11:05:59', '2025-06-18 06:18:58', 0),
('Ana', 'Dias', 'ana.dias397@example.com', 'Senha123', 1, 1, 1, 0, NULL, 8, 2, 1, '2025-01-17 13:54:26', '2025-04-22 17:33:11', 0),
('Ricardo', 'Moura', 'ricardo.moura398@example.com', 'Senha123', 1, 1, 6, 0, NULL, 2, 2, 3, '2025-05-24 08:58:18', '2025-06-25 21:35:00', 0),
('Juliana', 'Barbosa', 'juliana.barbosa399@example.com', 'Senha123', 1, 1, 4, 0, NULL, 1, 3, 1, '2024-07-12 04:48:26', '2025-03-05 20:29:06', 0),
('Rafael', 'Pereira', 'rafael.pereira400@example.com', 'Senha123', 1, 1, 4, 0, NULL, 2, 1, 1, '2024-08-29 23:42:49', '2024-11-19 01:50:45', 0),
('Ana', 'Dias', 'ana.dias401@example.com', 'Senha123', 1, 1, 3, 0, NULL, 8, 2, 2, '2024-08-03 02:44:54', '2024-10-28 15:38:48', 0),
('Laura', 'Alves', 'laura.alves402@example.com', 'Senha123', 1, 1, 4, 0, NULL, 5, 1, 3, '2025-05-31 21:17:22', '2025-06-04 03:17:18', 0),
('Paula', 'Cardoso', 'paula.cardoso403@example.com', 'Senha123', 1, 1, 3, 0, NULL, 3, 1, 1, '2024-11-09 07:39:04', '2025-04-01 18:45:05', 0),
('Juliana', 'Barbosa', 'juliana.barbosa404@example.com', 'Senha123', 1, 1, 2, 0, NULL, 3, 1, 2, '2024-12-25 17:18:16', '2025-06-26 07:39:43', 0),
('Marcia', 'Nunes', 'marcia.nunes405@example.com', 'Senha123', 1, 1, 2, 0, NULL, 7, 1, 2, '2025-05-18 23:33:16', '2025-06-12 07:10:58', 0),
('Laura', 'Martins', 'laura.martins406@example.com', 'Senha123', 1, 1, 5, 0, NULL, 7, 2, 2, '2024-08-01 06:01:35', '2025-03-03 04:29:30', 0),
('Carlos', 'Barbosa', 'carlos.barbosa407@example.com', 'Senha123', 1, 1, 1, 0, NULL, 2, 2, 3, '2025-05-27 15:12:21', '2025-06-13 09:49:35', 0),
('Rafael', 'Nunes', 'rafael.nunes408@example.com', 'Senha123', 1, 1, 4, 0, NULL, 1, 1, 2, '2024-07-08 10:44:17', '2024-09-19 17:15:00', 0),
('Carlos', 'Lima', 'carlos.lima409@example.com', 'Senha123', 1, 1, 1, 0, NULL, 6, 1, 2, '2024-06-29 02:39:48', '2024-07-31 10:44:34', 0),
('Lucas', 'Castro', 'lucas.castro410@example.com', 'Senha123', 1, 1, 5, 1, 'H15', 4, 2, 1, '2025-02-18 05:52:47', '2025-04-10 17:16:58', 0),
('Mariana', 'Farias', 'mariana.farias411@example.com', 'Senha123', 1, 1, 6, 0, NULL, 7, 2, 1, '2024-08-10 06:57:52', '2025-03-10 08:02:35', 0),
('Patricia', 'Ribeiro', 'patricia.ribeiro412@example.com', 'Senha123', 1, 1, 4, 0, NULL, 5, 2, 1, '2024-08-07 18:47:48', '2024-10-22 23:47:45', 0),
('Paula', 'Farias', 'paula.farias413@example.com', 'Senha123', 1, 1, 4, 0, NULL, 4, 1, 2, '2025-05-27 14:31:07', '2025-06-01 09:44:06', 0),
('Marcia', 'Ferreira', 'marcia.ferreira414@example.com', 'Senha123', 1, 1, 1, 0, NULL, 8, 1, 3, '2025-02-18 16:49:46', '2025-03-16 22:07:55', 0),
('Laura', 'Gomes', 'laura.gomes415@example.com', 'Senha123', 1, 1, 3, 1, 'E11', 8, 3, 1, '2024-10-19 14:35:00', '2025-05-30 01:35:54', 0),
('Pedro', 'Alves', 'pedro.alves416@example.com', 'Senha123', 1, 1, 2, 0, NULL, 4, 2, 3, '2025-06-03 19:55:32', '2025-06-20 00:39:48', 0),
('Gustavo', 'Oliveira', 'gustavo.oliveira417@example.com', 'Senha123', 1, 1, 4, 1, 'E22', 8, 1, 3, '2025-02-03 21:36:25', '2025-04-20 08:35:26', 0),
('Felipe', 'Barbosa', 'felipe.barbosa418@example.com', 'Senha123', 1, 1, 1, 0, NULL, 9, 3, 1, '2025-06-07 10:51:49', '2025-06-23 09:31:06', 0),
('Felipe', 'Castro', 'felipe.castro419@example.com', 'Senha123', 1, 1, 6, 0, NULL, 7, 3, 1, '2024-12-22 09:22:16', '2025-04-14 13:02:30', 0),
('Rafael', 'Alves', 'rafael.alves420@example.com', 'Senha123', 1, 1, 4, 0, NULL, 9, 3, 2, '2025-02-23 00:09:41', '2025-05-03 13:20:17', 0),
('André', 'Martins', 'andré.martins421@example.com', 'Senha123', 1, 1, 5, 0, NULL, 6, 3, 2, '2025-01-16 16:01:39', '2025-02-24 07:17:09', 0),
('Carlos', 'Castro', 'carlos.castro422@example.com', 'Senha123', 1, 1, 3, 0, NULL, 3, 3, 2, '2024-12-22 11:04:40', '2025-02-28 02:40:37', 0),
('Ana', 'Farias', 'ana.farias423@example.com', 'Senha123', 1, 1, 3, 0, NULL, 7, 2, 1, '2025-04-02 14:26:08', '2025-04-30 23:06:23', 0),
('Carla', 'Moura', 'carla.moura424@example.com', 'Senha123', 1, 1, 6, 0, NULL, 9, 2, 3, '2025-03-17 22:37:36', '2025-06-11 06:32:45', 0),
('Paula', 'Martins', 'paula.martins425@example.com', 'Senha123', 1, 1, 3, 0, NULL, 1, 1, 3, '2025-02-22 02:58:32', '2025-03-07 07:51:39', 0),
('Marcia', 'Farias', 'marcia.farias426@example.com', 'Senha123', 1, 1, 1, 0, NULL, 5, 2, 2, '2024-12-10 15:56:08', '2025-06-12 01:09:07', 0),
('Gustavo', 'Santos', 'gustavo.santos427@example.com', 'Senha123', 1, 1, 5, 0, NULL, 3, 2, 1, '2025-05-27 04:08:04', '2025-06-26 05:16:47', 0),
('André', 'Barbosa', 'andré.barbosa428@example.com', 'Senha123', 1, 1, 5, 0, NULL, 1, 1, 3, '2025-03-06 16:46:18', '2025-03-26 21:45:50', 0),
('Felipe', 'Cardoso', 'felipe.cardoso429@example.com', 'Senha123', 1, 1, 1, 1, 'G30', 8, 1, 1, '2025-01-25 08:04:35', '2025-03-18 13:38:26', 0),
('Patricia', 'Lima', 'patricia.lima430@example.com', 'Senha123', 1, 1, 3, 0, NULL, 9, 3, 3, '2024-09-13 09:17:52', '2025-06-24 14:55:16', 0),
('Bruno', 'Santos', 'bruno.santos431@example.com', 'Senha123', 1, 1, 2, 0, NULL, 9, 2, 1, '2024-09-13 16:24:38', '2025-02-24 16:04:24', 0),
('Fernanda', 'Ferreira', 'fernanda.ferreira432@example.com', 'Senha123', 1, 1, 6, 0, NULL, 7, 3, 3, '2024-09-04 14:05:08', '2024-11-09 06:30:09', 0),
('Patricia', 'Alves', 'patricia.alves433@example.com', 'Senha123', 1, 1, 4, 1, 'G30', 5, 2, 2, '2025-05-17 07:21:21', '2025-06-25 23:05:40', 0),
('Bruno', 'Gomes', 'bruno.gomes434@example.com', 'Senha123', 1, 1, 2, 0, NULL, 8, 3, 1, '2024-10-18 06:30:04', '2024-10-30 06:53:44', 0),
('Gustavo', 'Lima', 'gustavo.lima435@example.com', 'Senha123', 1, 1, 4, 1, 'E22', 3, 1, 2, '2025-04-19 16:09:11', '2025-06-03 09:58:37', 0),
('Juliana', 'Dias', 'juliana.dias436@example.com', 'Senha123', 1, 1, 3, 1, 'E22', 1, 3, 3, '2024-07-11 08:44:15', '2024-08-21 08:02:15', 0),
('Lucas', 'Melo', 'lucas.melo437@example.com', 'Senha123', 1, 1, 5, 0, NULL, 2, 2, 3, '2025-03-18 03:51:28', '2025-03-19 17:26:14', 0),
('Felipe', 'Melo', 'felipe.melo438@example.com', 'Senha123', 1, 1, 2, 0, NULL, 2, 3, 1, '2025-02-09 22:04:56', '2025-06-01 16:09:02', 0),
('Sandra', 'Dias', 'sandra.dias439@example.com', 'Senha123', 1, 1, 5, 0, NULL, 9, 2, 1, '2024-09-23 14:46:01', '2024-10-25 19:01:51', 0),
('Patricia', 'Silva', 'patricia.silva440@example.com', 'Senha123', 1, 1, 1, 0, NULL, 9, 2, 2, '2024-10-28 01:39:30', '2024-11-24 07:06:56', 0),
('Bruno', 'Oliveira', 'bruno.oliveira441@example.com', 'Senha123', 1, 1, 4, 0, NULL, 1, 2, 3, '2024-07-01 17:02:17', '2024-08-26 09:21:23', 0),
('Rafael', 'Alves', 'rafael.alves442@example.com', 'Senha123', 1, 1, 6, 1, 'F20', 7, 1, 2, '2024-07-29 11:51:46', '2024-09-15 05:37:25', 0),
('Patricia', 'Dias', 'patricia.dias443@example.com', 'Senha123', 1, 1, 3, 0, NULL, 5, 2, 3, '2025-02-03 22:06:28', '2025-04-21 03:55:07', 0),
('Carla', 'Moura', 'carla.moura444@example.com', 'Senha123', 1, 1, 6, 0, NULL, 1, 2, 1, '2024-10-18 06:20:15', '2025-04-01 22:01:12', 0),
('Paula', 'Alves', 'paula.alves445@example.com', 'Senha123', 1, 1, 5, 0, NULL, 3, 2, 2, '2025-01-25 20:07:45', '2025-03-24 23:41:05', 0),
('Laura', 'Silva', 'laura.silva446@example.com', 'Senha123', 1, 1, 4, 0, NULL, 1, 1, 2, '2024-09-27 03:09:44', '2024-10-03 19:51:13', 0),
('João', 'Castro', 'joão.castro447@example.com', 'Senha123', 1, 1, 2, 0, NULL, 5, 1, 2, '2024-10-05 10:25:04', '2025-03-31 19:16:23', 0),
('Rafael', 'Rocha', 'rafael.rocha448@example.com', 'Senha123', 1, 1, 5, 0, NULL, 7, 1, 3, '2024-12-16 10:57:44', '2025-03-24 09:29:30', 0),
('Sandra', 'Moura', 'sandra.moura449@example.com', 'Senha123', 1, 1, 3, 0, NULL, 5, 1, 2, '2025-05-22 16:10:24', '2025-05-22 20:47:14', 0),
('Juliana', 'Oliveira', 'juliana.oliveira450@example.com', 'Senha123', 1, 1, 3, 0, NULL, 9, 1, 3, '2024-07-28 21:03:49', '2025-04-30 14:27:47', 0),
('Paula', 'Moura', 'paula.moura451@example.com', 'Senha123', 1, 1, 1, 1, 'E11', 9, 2, 1, '2024-12-21 08:29:50', '2025-03-31 23:14:32', 0),
('Carlos', 'Melo', 'carlos.melo452@example.com', 'Senha123', 1, 1, 6, 0, NULL, 7, 3, 2, '2025-01-03 03:24:04', '2025-01-28 10:30:44', 0),
('Felipe', 'Ribeiro', 'felipe.ribeiro453@example.com', 'Senha123', 1, 1, 6, 1, 'E11', 6, 1, 2, '2024-11-14 13:41:18', '2025-04-23 04:01:40', 0),
('Sandra', 'Rocha', 'sandra.rocha454@example.com', 'Senha123', 1, 1, 5, 0, NULL, 9, 3, 3, '2024-11-14 08:57:22', '2025-06-11 09:04:35', 0),
('Felipe', 'Cardoso', 'felipe.cardoso455@example.com', 'Senha123', 1, 1, 4, 0, NULL, 3, 2, 1, '2025-03-30 12:40:06', '2025-06-07 06:24:13', 0),
('Sandra', 'Alves', 'sandra.alves456@example.com', 'Senha123', 1, 1, 1, 0, NULL, 2, 1, 1, '2025-04-06 23:44:34', '2025-04-27 10:24:48', 0),
('Juliana', 'Santos', 'juliana.santos457@example.com', 'Senha123', 1, 1, 5, 0, NULL, 1, 2, 2, '2024-09-17 11:50:04', '2025-05-20 08:17:08', 0),
('Bruno', 'Pereira', 'bruno.pereira458@example.com', 'Senha123', 1, 1, 3, 0, NULL, 9, 3, 1, '2024-12-28 11:49:30', '2025-02-17 14:11:48', 0),
('Ricardo', 'Barbosa', 'ricardo.barbosa459@example.com', 'Senha123', 1, 1, 2, 0, NULL, 5, 2, 1, '2024-11-13 13:57:51', '2025-04-24 02:24:43', 0),
('Gustavo', 'Ferreira', 'gustavo.ferreira460@example.com', 'Senha123', 1, 1, 6, 0, NULL, 9, 1, 3, '2024-09-17 01:26:14', '2025-05-23 03:17:18', 0),
('Paula', 'Melo', 'paula.melo461@example.com', 'Senha123', 1, 1, 3, 0, NULL, 1, 2, 2, '2025-04-19 06:59:03', '2025-04-23 17:59:10', 0),
('Ricardo', 'Oliveira', 'ricardo.oliveira462@example.com', 'Senha123', 1, 1, 6, 0, NULL, 7, 1, 3, '2025-06-16 18:56:55', '2025-06-17 08:13:53', 0),
('Lucas', 'Martins', 'lucas.martins463@example.com', 'Senha123', 1, 1, 4, 0, NULL, 3, 1, 1, '2024-10-25 18:31:33', '2025-05-22 04:33:42', 0),
('Rafael', 'Santos', 'rafael.santos464@example.com', 'Senha123', 1, 1, 5, 0, NULL, 9, 2, 3, '2024-12-24 04:38:08', '2025-06-25 19:56:25', 0),
('Sandra', 'Martins', 'sandra.martins465@example.com', 'Senha123', 1, 1, 6, 0, NULL, 9, 3, 3, '2025-02-12 08:21:52', '2025-05-26 03:38:50', 0),
('Ricardo', 'Pereira', 'ricardo.pereira466@example.com', 'Senha123', 1, 1, 2, 1, 'E11', 6, 1, 2, '2024-10-24 22:11:32', '2025-06-09 14:22:57', 0),
('Paula', 'Santos', 'paula.santos467@example.com', 'Senha123', 1, 1, 5, 0, NULL, 5, 2, 2, '2024-09-23 09:44:32', '2024-11-26 16:16:01', 0),
('Laura', 'Moura', 'laura.moura468@example.com', 'Senha123', 1, 1, 5, 0, NULL, 2, 1, 2, '2024-09-06 04:41:35', '2024-09-15 06:36:22', 0),
('João', 'Rocha', 'joão.rocha469@example.com', 'Senha123', 1, 1, 3, 0, NULL, 8, 1, 2, '2025-03-09 15:29:11', '2025-03-22 21:02:56', 0),
('Pedro', 'Martins', 'pedro.martins470@example.com', 'Senha123', 1, 1, 2, 0, NULL, 4, 1, 3, '2025-06-11 12:09:04', '2025-06-11 21:41:20', 0),
('Ana', 'Nunes', 'ana.nunes471@example.com', 'Senha123', 1, 1, 6, 0, NULL, 8, 2, 3, '2024-08-19 19:50:15', '2025-05-19 23:49:21', 0),
('Mariana', 'Santos', 'mariana.santos472@example.com', 'Senha123', 1, 1, 6, 0, NULL, 3, 3, 2, '2025-02-24 08:40:48', '2025-04-30 23:46:51', 0),
('Lucas', 'Ferreira', 'lucas.ferreira473@example.com', 'Senha123', 1, 1, 6, 0, NULL, 5, 2, 1, '2025-02-24 01:31:38', '2025-06-11 04:55:43', 0),
('Carlos', 'Dias', 'carlos.dias474@example.com', 'Senha123', 1, 1, 6, 0, NULL, 8, 3, 3, '2024-07-08 18:46:50', '2025-05-31 07:46:54', 0),
('Sandra', 'Melo', 'sandra.melo475@example.com', 'Senha123', 1, 1, 6, 0, NULL, 7, 2, 1, '2025-01-25 04:27:20', '2025-03-01 12:11:15', 0),
('Paula', 'Ribeiro', 'paula.ribeiro476@example.com', 'Senha123', 1, 1, 5, 0, NULL, 9, 1, 1, '2024-07-01 04:50:24', '2024-08-17 02:57:05', 0),
('Carla', 'Ferreira', 'carla.ferreira477@example.com', 'Senha123', 1, 1, 2, 0, NULL, 5, 2, 2, '2024-08-01 02:47:13', '2025-01-01 00:51:17', 0),
('Patricia', 'Melo', 'patricia.melo478@example.com', 'Senha123', 1, 1, 5, 0, NULL, 9, 3, 1, '2025-05-18 18:18:22', '2025-06-17 07:49:43', 0),
('Rafael', 'Lima', 'rafael.lima479@example.com', 'Senha123', 1, 1, 1, 0, NULL, 3, 1, 1, '2025-06-09 00:43:42', '2025-06-19 04:49:27', 0),
('Mariana', 'Silva', 'mariana.silva480@example.com', 'Senha123', 1, 1, 3, 0, NULL, 4, 3, 1, '2025-06-18 12:38:22', '2025-06-25 12:38:47', 0),
('Felipe', 'Farias', 'felipe.farias481@example.com', 'Senha123', 1, 1, 2, 1, 'E11', 1, 2, 3, '2025-03-19 02:06:27', '2025-04-07 16:53:24', 0),
('Felipe', 'Costa', 'felipe.costa482@example.com', 'Senha123', 1, 1, 5, 0, NULL, 2, 3, 3, '2025-01-26 17:54:17', '2025-01-29 08:25:56', 0),
('André', 'Lima', 'andré.lima483@example.com', 'Senha123', 1, 1, 2, 0, NULL, 3, 2, 1, '2024-06-29 17:43:03', '2024-09-06 19:32:49', 0),
('Carlos', 'Cardoso', 'carlos.cardoso484@example.com', 'Senha123', 1, 1, 6, 1, 'E11', 7, 1, 3, '2024-09-11 16:19:27', '2024-12-20 12:14:42', 0),
('Gustavo', 'Melo', 'gustavo.melo485@example.com', 'Senha123', 1, 1, 5, 0, NULL, 6, 3, 3, '2025-06-12 11:19:59', '2025-06-20 19:40:18', 0),
('Laura', 'Cardoso', 'laura.cardoso486@example.com', 'Senha123', 1, 1, 4, 0, NULL, 3, 3, 2, '2025-03-27 04:29:55', '2025-05-10 14:14:43', 0),
('Ana', 'Silva', 'ana.silva487@example.com', 'Senha123', 1, 1, 4, 0, NULL, 3, 1, 2, '2024-09-10 03:30:46', '2025-05-05 23:58:56', 0),
('Pedro', 'Martins', 'pedro.martins488@example.com', 'Senha123', 1, 1, 3, 0, NULL, 1, 3, 2, '2025-06-25 17:53:49', '2025-06-25 21:58:07', 0),
('Marcia', 'Ribeiro', 'marcia.ribeiro489@example.com', 'Senha123', 1, 1, 5, 0, NULL, 3, 1, 3, '2025-02-25 09:37:03', '2025-03-23 01:08:56', 0),
('Juliana', 'Martins', 'juliana.martins490@example.com', 'Senha123', 1, 1, 5, 1, 'E22', 4, 2, 2, '2024-08-17 04:54:43', '2025-04-07 13:52:07', 0),
('Marcia', 'Pereira', 'marcia.pereira491@example.com', 'Senha123', 1, 1, 3, 0, NULL, 6, 1, 2, '2024-10-11 00:49:15', '2025-01-31 20:56:30', 0),
('André', 'Oliveira', 'andré.oliveira492@example.com', 'Senha123', 1, 1, 2, 1, 'F20', 3, 3, 1, '2025-03-25 22:49:51', '2025-05-06 02:44:08', 0),
('Patricia', 'Alves', 'patricia.alves493@example.com', 'Senha123', 1, 1, 2, 0, NULL, 4, 2, 3, '2024-11-13 01:58:13', '2024-12-01 14:36:41', 0),
('Fernanda', 'Costa', 'fernanda.costa494@example.com', 'Senha123', 1, 1, 4, 1, 'F20', 6, 1, 2, '2025-02-12 19:28:37', '2025-03-09 07:26:36', 0),
('Bruno', 'Farias', 'bruno.farias495@example.com', 'Senha123', 1, 1, 4, 0, NULL, 3, 3, 1, '2025-02-12 10:52:04', '2025-04-30 16:48:41', 0),
('João', 'Ferreira', 'joão.ferreira496@example.com', 'Senha123', 1, 1, 4, 0, NULL, 4, 3, 3, '2025-04-12 22:19:59', '2025-04-21 16:10:12', 0),
('Lucas', 'Lima', 'lucas.lima497@example.com', 'Senha123', 1, 1, 5, 0, NULL, 7, 2, 3, '2024-09-25 17:44:50', '2025-02-20 04:12:28', 0),
('Fernanda', 'Rocha', 'fernanda.rocha498@example.com', 'Senha123', 1, 1, 2, 1, 'F20', 6, 1, 3, '2025-03-17 02:58:36', '2025-06-14 04:26:45', 0),
('Fernanda', 'Santos', 'fernanda.santos499@example.com', 'Senha123', 1, 1, 6, 0, NULL, 2, 1, 2, '2025-05-19 04:45:56', '2025-06-02 09:58:46', 0),
('Carlos', 'Dias', 'carlos.dias500@example.com', 'Senha123', 1, 1, 2, 0, NULL, 6, 1, 2, '2025-06-08 21:28:54', '2025-06-10 15:30:09', 0);

-- Enderecos

INSERT INTO Enderecos (UsuarioId, Logradouro, Numero, Bairro, Cidade, UF, CEP, Complemento, PontoReferencia, TipoEnderecoId) VALUES

(1, 'Rua Afonso Pena', 207, 'Copacabana', 'Salvador', 'BA', '79268-827', NULL, NULL, 1),
(2, 'Rua das Acácias', 82, 'Copacabana', 'Belo Horizonte', 'MG', '38085-139', NULL, NULL, 1),
(3, 'Rua Sete de Setembro', 686, 'Vila Nova', 'Belo Horizonte', 'MG', '26009-793', NULL, NULL, 1),
(4, 'Rua da Paz', 814, 'Vila Nova', 'Salvador', 'BA', '86316-209', NULL, NULL, 1),
(5, 'Rua das Flores', 41, 'Savassi', 'São Paulo', 'SP', '95885-391', NULL, NULL, 1),
(6, 'Rua Augusta', 131, 'Savassi', 'Porto Alegre', 'RS', '28498-858', NULL, NULL, 1),
(7, 'Rua da Paz', 843, 'Mercês', 'Curitiba', 'PR', '41439-962', 'Apto 192', NULL, 1),
(8, 'Rua das Acácias', 476, 'Jardim América', 'Porto Alegre', 'RS', '93961-290', NULL, NULL, 1),
(9, 'Rua da Paz', 715, 'Jardim América', 'Belo Horizonte', 'MG', '49063-141', NULL, 'Perto do mercado', 1),
(10, 'Av. Amazonas', 333, 'Jardim América', 'Porto Alegre', 'RS', '64810-597', NULL, NULL, 1),
(11, 'Rua da Paz', 944, 'Mercês', 'Rio de Janeiro', 'RJ', '66127-958', 'Apto 176', 'Perto do banco', 1),
(12, 'Rua Augusta', 170, 'Bela Vista', 'São Paulo', 'SP', '10570-596', NULL, NULL, 1),
(13, 'Rua da Paz', 496, 'Vila Nova', 'Curitiba', 'PR', '21225-495', 'Apto 137', NULL, 1),
(14, 'Rua das Acácias', 461, 'Savassi', 'Porto Alegre', 'RS', '47672-641', 'Apto 5', NULL, 1),
(15, 'Rua Sete de Setembro', 76, 'Centro', 'Belo Horizonte', 'MG', '79811-816', 'Apto 190', 'Perto do mercado', 1),
(16, 'Rua da Paz', 348, 'Mercês', 'Rio de Janeiro', 'RJ', '83259-387', 'Apto 75', NULL, 1),
(17, 'Rua das Flores', 836, 'Bela Vista', 'Curitiba', 'PR', '10465-410', 'Apto 158', NULL, 1),
(18, 'Av. Amazonas', 701, 'Vila Nova', 'Rio de Janeiro', 'RJ', '53206-619', NULL, NULL, 1),
(19, 'Rua da Paz', 339, 'Jardim América', 'Curitiba', 'PR', '50497-857', NULL, NULL, 1),
(20, 'Rua das Acácias', 100, 'Barra Funda', 'Salvador', 'BA', '41791-362', NULL, NULL, 1),
(21, 'Av. Brasil', 974, 'Centro', 'Porto Alegre', 'RS', '71516-928', 'Apto 118', NULL, 1),
(22, 'Rua Marechal Floriano', 172, 'Copacabana', 'Belo Horizonte', 'MG', '35780-207', NULL, NULL, 1),
(23, 'Rua Sete de Setembro', 387, 'Vila Nova', 'Porto Alegre', 'RS', '63143-784', NULL, NULL, 1),
(24, 'Rua Sete de Setembro', 652, 'Barra Funda', 'Belo Horizonte', 'MG', '88089-139', NULL, NULL, 1),
(25, 'Rua Marechal Floriano', 261, 'Centro', 'Salvador', 'BA', '15637-344', NULL, NULL, 1),
(26, 'Rua Afonso Pena', 775, 'Moinhos de Vento', 'Curitiba', 'PR', '28629-793', NULL, NULL, 1),
(27, 'Rua Chile', 760, 'Copacabana', 'Rio de Janeiro', 'RJ', '64573-238', NULL, 'Perto do banco', 1),
(28, 'Rua da Paz', 292, 'Bela Vista', 'Curitiba', 'PR', '24033-511', 'Apto 166', NULL, 1),
(29, 'Rua Marechal Floriano', 278, 'Botafogo', 'Rio de Janeiro', 'RJ', '76625-331', NULL, NULL, 1),
(30, 'Rua Afonso Pena', 203, 'Bela Vista', 'São Paulo', 'SP', '86334-813', 'Apto 105', NULL, 1),
(31, 'Rua Sete de Setembro', 930, 'Copacabana', 'Salvador', 'BA', '97970-977', NULL, NULL, 1),
(32, 'Av. Brasil', 835, 'Copacabana', 'Salvador', 'BA', '58768-631', NULL, NULL, 1),
(33, 'Rua Augusta', 129, 'Botafogo', 'Rio de Janeiro', 'RJ', '48986-709', 'Apto 176', NULL, 1),
(34, 'Rua da Paz', 565, 'Moinhos de Vento', 'Salvador', 'BA', '29731-882', NULL, NULL, 1),
(35, 'Rua Augusta', 479, 'Moinhos de Vento', 'Curitiba', 'PR', '40596-686', 'Apto 52', NULL, 1),
(36, 'Av. Brasil', 62, 'Savassi', 'Salvador', 'BA', '54795-285', NULL, 'Perto do mercado', 1),
(37, 'Rua Chile', 520, 'Centro', 'Porto Alegre', 'RS', '77733-931', NULL, NULL, 1),
(38, 'Rua das Flores', 123, 'Centro', 'Belo Horizonte', 'MG', '56981-485', 'Apto 115', NULL, 1),
(39, 'Rua Chile', 197, 'Vila Nova', 'Curitiba', 'PR', '65510-901', NULL, NULL, 1),
(40, 'Av. Amazonas', 655, 'Barra Funda', 'Curitiba', 'PR', '31449-186', NULL, NULL, 1),
(41, 'Rua da Paz', 228, 'Centro', 'São Paulo', 'SP', '25016-843', 'Apto 75', NULL, 1),
(42, 'Rua Sete de Setembro', 442, 'Barra Funda', 'Belo Horizonte', 'MG', '28009-191', NULL, 'Perto do banco', 1),
(43, 'Av. Amazonas', 458, 'Copacabana', 'Salvador', 'BA', '63336-964', 'Apto 194', NULL, 1),
(44, 'Rua das Acácias', 607, 'Mercês', 'Belo Horizonte', 'MG', '94429-933', 'Apto 113', 'Em frente à praça', 1),
(45, 'Av. Amazonas', 515, 'Moinhos de Vento', 'Rio de Janeiro', 'RJ', '72221-515', NULL, NULL, 1),
(46, 'Rua Augusta', 40, 'Centro', 'Belo Horizonte', 'MG', '63817-295', NULL, NULL, 1),
(47, 'Rua Marechal Floriano', 792, 'Botafogo', 'São Paulo', 'SP', '99519-384', 'Apto 72', NULL, 1),
(48, 'Av. Amazonas', 19, 'Centro', 'São Paulo', 'SP', '87162-400', NULL, NULL, 1),
(49, 'Rua Marechal Floriano', 293, 'Centro', 'Porto Alegre', 'RS', '94466-447', NULL, 'Perto do parque', 1),
(50, 'Rua das Flores', 831, 'Copacabana', 'São Paulo', 'SP', '10138-234', NULL, NULL, 1),
(51, 'Rua Augusta', 277, 'Botafogo', 'Porto Alegre', 'RS', '34792-282', NULL, NULL, 1),
(52, 'Av. Amazonas', 404, 'Botafogo', 'Porto Alegre', 'RS', '81589-914', 'Apto 89', NULL, 1),
(53, 'Rua Sete de Setembro', 739, 'Bela Vista', 'Belo Horizonte', 'MG', '80944-934', NULL, NULL, 1),
(54, 'Rua Sete de Setembro', 274, 'Botafogo', 'Salvador', 'BA', '46114-146', NULL, NULL, 1),
(55, 'Rua Sete de Setembro', 287, 'Vila Nova', 'Porto Alegre', 'RS', '21364-416', NULL, NULL, 1),
(56, 'Av. Brasil', 226, 'Centro', 'Curitiba', 'PR', '12782-954', NULL, NULL, 1),
(57, 'Av. Amazonas', 113, 'Savassi', 'Curitiba', 'PR', '38789-963', 'Apto 117', NULL, 1),
(58, 'Rua da Paz', 154, 'Bela Vista', 'Porto Alegre', 'RS', '24266-859', NULL, NULL, 1),
(59, 'Rua da Paz', 710, 'Savassi', 'Porto Alegre', 'RS', '38029-226', NULL, NULL, 1),
(60, 'Rua Chile', 662, 'Moinhos de Vento', 'São Paulo', 'SP', '75840-842', 'Apto 168', NULL, 1),
(61, 'Av. Brasil', 63, 'Savassi', 'Belo Horizonte', 'MG', '40522-593', NULL, NULL, 1),
(62, 'Rua das Acácias', 521, 'Moinhos de Vento', 'Rio de Janeiro', 'RJ', '38489-620', NULL, NULL, 1),
(63, 'Rua Chile', 613, 'Moinhos de Vento', 'Curitiba', 'PR', '96610-430', 'Apto 26', NULL, 1),
(64, 'Rua das Flores', 333, 'Savassi', 'São Paulo', 'SP', '72398-861', 'Apto 14', NULL, 1),
(65, 'Rua Augusta', 988, 'Mercês', 'Belo Horizonte', 'MG', '54778-102', NULL, NULL, 1),
(66, 'Rua Afonso Pena', 549, 'Moinhos de Vento', 'Salvador', 'BA', '40789-922', NULL, 'Perto do mercado', 1),
(67, 'Rua Afonso Pena', 380, 'Savassi', 'Curitiba', 'PR', '24342-810', NULL, NULL, 1),
(68, 'Rua Augusta', 327, 'Savassi', 'São Paulo', 'SP', '78198-849', 'Apto 141', 'Em frente à praça', 1),
(69, 'Av. Brasil', 933, 'Mercês', 'São Paulo', 'SP', '32109-296', NULL, NULL, 1),
(70, 'Rua Augusta', 530, 'Vila Nova', 'Belo Horizonte', 'MG', '67561-956', NULL, NULL, 1),
(71, 'Rua Chile', 163, 'Moinhos de Vento', 'Belo Horizonte', 'MG', '22098-706', NULL, 'Perto do parque', 1),
(72, 'Rua Sete de Setembro', 191, 'Vila Nova', 'Porto Alegre', 'RS', '22497-384', NULL, NULL, 1),
(73, 'Rua Chile', 973, 'Mercês', 'Belo Horizonte', 'MG', '56465-776', NULL, 'Perto do mercado', 1),
(74, 'Av. Amazonas', 254, 'Mercês', 'Porto Alegre', 'RS', '80049-278', NULL, NULL, 1),
(75, 'Rua Augusta', 555, 'Savassi', 'Curitiba', 'PR', '22354-791', 'Apto 110', NULL, 1),
(76, 'Rua Afonso Pena', 944, 'Savassi', 'São Paulo', 'SP', '66471-691', NULL, 'Perto do parque', 1),
(77, 'Rua Sete de Setembro', 320, 'Moinhos de Vento', 'Rio de Janeiro', 'RJ', '16291-105', NULL, NULL, 1),
(78, 'Rua das Flores', 139, 'Jardim América', 'Curitiba', 'PR', '55044-432', 'Apto 102', NULL, 1),
(79, 'Rua Afonso Pena', 398, 'Barra Funda', 'Porto Alegre', 'RS', '83402-371', NULL, NULL, 1),
(80, 'Av. Amazonas', 146, 'Copacabana', 'Porto Alegre', 'RS', '90304-467', 'Apto 200', NULL, 1),
(81, 'Rua Chile', 516, 'Botafogo', 'Curitiba', 'PR', '32958-965', NULL, NULL, 1),
(82, 'Rua da Paz', 94, 'Centro', 'Belo Horizonte', 'MG', '48733-158', 'Apto 151', NULL, 1),
(83, 'Rua das Flores', 439, 'Savassi', 'Rio de Janeiro', 'RJ', '52050-648', 'Apto 83', NULL, 1),
(84, 'Av. Brasil', 655, 'Copacabana', 'Salvador', 'BA', '33522-596', 'Apto 22', NULL, 1),
(85, 'Av. Amazonas', 750, 'Copacabana', 'Rio de Janeiro', 'RJ', '37215-508', NULL, NULL, 1),
(86, 'Rua Chile', 304, 'Jardim América', 'Salvador', 'BA', '43159-724', NULL, 'Perto do mercado', 1),
(87, 'Rua Chile', 457, 'Savassi', 'Curitiba', 'PR', '35870-655', NULL, NULL, 1),
(88, 'Rua Sete de Setembro', 556, 'Mercês', 'São Paulo', 'SP', '97329-622', 'Apto 94', NULL, 1),
(89, 'Av. Brasil', 370, 'Mercês', 'Porto Alegre', 'RS', '32197-949', NULL, 'Perto do mercado', 1),
(90, 'Rua das Acácias', 410, 'Bela Vista', 'Salvador', 'BA', '63169-878', NULL, 'Perto do parque', 1),
(91, 'Rua Marechal Floriano', 658, 'Jardim América', 'Curitiba', 'PR', '67168-894', NULL, 'Perto do parque', 1),
(92, 'Rua da Paz', 946, 'Botafogo', 'Curitiba', 'PR', '67007-971', NULL, 'Perto do parque', 1),
(93, 'Av. Amazonas', 359, 'Copacabana', 'Curitiba', 'PR', '15090-274', NULL, NULL, 1),
(94, 'Av. Amazonas', 878, 'Savassi', 'Porto Alegre', 'RS', '27800-206', NULL, NULL, 1),
(95, 'Rua Afonso Pena', 805, 'Moinhos de Vento', 'São Paulo', 'SP', '18695-288', 'Apto 111', NULL, 1),
(96, 'Rua Afonso Pena', 681, 'Savassi', 'Belo Horizonte', 'MG', '42766-246', NULL, 'Perto do banco', 1),
(97, 'Av. Amazonas', 91, 'Jardim América', 'São Paulo', 'SP', '79450-500', 'Apto 79', NULL, 1),
(98, 'Rua da Paz', 484, 'Moinhos de Vento', 'Rio de Janeiro', 'RJ', '75852-873', NULL, 'Perto do mercado', 1),
(99, 'Rua Chile', 661, 'Botafogo', 'Belo Horizonte', 'MG', '68947-932', NULL, NULL, 1),
(100, 'Rua das Acácias', 407, 'Jardim América', 'Salvador', 'BA', '32870-451', 'Apto 184', NULL, 1),
(101, 'Rua das Flores', 838, 'Jardim América', 'Curitiba', 'PR', '29437-255', NULL, NULL, 1),
(102, 'Rua Marechal Floriano', 458, 'Moinhos de Vento', 'Rio de Janeiro', 'RJ', '37684-262', NULL, NULL, 1),
(103, 'Rua Marechal Floriano', 541, 'Savassi', 'São Paulo', 'SP', '39882-271', NULL, NULL, 1),
(104, 'Rua das Acácias', 51, 'Jardim América', 'Rio de Janeiro', 'RJ', '38060-177', NULL, NULL, 1),
(105, 'Rua Afonso Pena', 439, 'Botafogo', 'Salvador', 'BA', '82238-997', NULL, NULL, 1),
(106, 'Rua Afonso Pena', 442, 'Centro', 'Porto Alegre', 'RS', '39317-483', NULL, NULL, 1),
(107, 'Av. Amazonas', 21, 'Moinhos de Vento', 'Rio de Janeiro', 'RJ', '44590-872', NULL, 'Perto do banco', 1),
(108, 'Rua Augusta', 602, 'Moinhos de Vento', 'Porto Alegre', 'RS', '16685-809', NULL, NULL, 1),
(109, 'Rua da Paz', 419, 'Barra Funda', 'Porto Alegre', 'RS', '99045-617', NULL, 'Em frente à praça', 1),
(110, 'Av. Brasil', 213, 'Mercês', 'Salvador', 'BA', '47546-193', 'Apto 122', NULL, 1),
(111, 'Rua Afonso Pena', 844, 'Vila Nova', 'São Paulo', 'SP', '43917-466', NULL, 'Perto do mercado', 1),
(112, 'Rua Sete de Setembro', 144, 'Jardim América', 'Curitiba', 'PR', '88780-622', NULL, 'Em frente à praça', 1),
(113, 'Rua Augusta', 927, 'Mercês', 'Salvador', 'BA', '96118-449', 'Apto 47', NULL, 1),
(114, 'Rua Sete de Setembro', 841, 'Moinhos de Vento', 'Curitiba', 'PR', '50087-116', 'Apto 87', NULL, 1),
(115, 'Rua das Acácias', 444, 'Copacabana', 'Salvador', 'BA', '16326-425', NULL, NULL, 1),
(116, 'Rua Augusta', 691, 'Jardim América', 'Rio de Janeiro', 'RJ', '48571-692', 'Apto 200', NULL, 1),
(117, 'Rua da Paz', 543, 'Savassi', 'Belo Horizonte', 'MG', '87392-727', NULL, NULL, 1),
(118, 'Rua da Paz', 443, 'Savassi', 'Belo Horizonte', 'MG', '94380-506', NULL, NULL, 1),
(119, 'Rua Afonso Pena', 324, 'Vila Nova', 'São Paulo', 'SP', '23866-747', 'Apto 120', NULL, 1),
(120, 'Rua Chile', 778, 'Botafogo', 'Salvador', 'BA', '74425-778', NULL, NULL, 1),
(121, 'Rua Marechal Floriano', 371, 'Vila Nova', 'Salvador', 'BA', '96589-352', 'Apto 60', NULL, 1),
(122, 'Rua das Acácias', 368, 'Vila Nova', 'Porto Alegre', 'RS', '53039-149', NULL, NULL, 1),
(123, 'Av. Brasil', 335, 'Moinhos de Vento', 'Rio de Janeiro', 'RJ', '86020-967', NULL, NULL, 1),
(124, 'Rua da Paz', 881, 'Vila Nova', 'Salvador', 'BA', '28983-962', 'Apto 110', 'Perto do banco', 1),
(125, 'Rua da Paz', 745, 'Mercês', 'Curitiba', 'PR', '13314-663', NULL, NULL, 1),
(126, 'Rua Sete de Setembro', 726, 'Moinhos de Vento', 'Rio de Janeiro', 'RJ', '94841-396', NULL, NULL, 1),
(127, 'Rua Afonso Pena', 590, 'Centro', 'Salvador', 'BA', '34153-424', NULL, NULL, 1),
(128, 'Av. Amazonas', 109, 'Mercês', 'Rio de Janeiro', 'RJ', '12720-144', NULL, 'Perto do banco', 1),
(129, 'Rua Marechal Floriano', 28, 'Centro', 'Salvador', 'BA', '66097-792', NULL, NULL, 1),
(130, 'Rua da Paz', 877, 'Barra Funda', 'Curitiba', 'PR', '99506-261', 'Apto 13', NULL, 1),
(131, 'Av. Amazonas', 881, 'Mercês', 'Salvador', 'BA', '35172-254', 'Apto 85', 'Em frente à praça', 1),
(132, 'Rua da Paz', 374, 'Savassi', 'Salvador', 'BA', '74329-716', NULL, NULL, 1),
(133, 'Rua Augusta', 582, 'Botafogo', 'Belo Horizonte', 'MG', '22654-622', NULL, NULL, 1),
(134, 'Rua da Paz', 943, 'Jardim América', 'Curitiba', 'PR', '53888-203', NULL, 'Perto do parque', 1),
(135, 'Rua Afonso Pena', 376, 'Centro', 'Belo Horizonte', 'MG', '45794-875', 'Apto 56', NULL, 1),
(136, 'Rua da Paz', 127, 'Botafogo', 'Porto Alegre', 'RS', '16026-410', NULL, NULL, 1),
(137, 'Rua das Flores', 444, 'Mercês', 'Curitiba', 'PR', '91071-470', 'Apto 51', NULL, 1),
(138, 'Rua das Acácias', 683, 'Barra Funda', 'Curitiba', 'PR', '20993-956', NULL, NULL, 1),
(139, 'Av. Brasil', 550, 'Moinhos de Vento', 'Rio de Janeiro', 'RJ', '18221-799', NULL, 'Em frente à praça', 1),
(140, 'Av. Amazonas', 659, 'Jardim América', 'Salvador', 'BA', '87526-913', NULL, NULL, 1),
(141, 'Rua Chile', 785, 'Botafogo', 'Salvador', 'BA', '17272-868', NULL, NULL, 1),
(142, 'Rua Afonso Pena', 460, 'Botafogo', 'Porto Alegre', 'RS', '81243-288', NULL, NULL, 1),
(143, 'Rua Augusta', 792, 'Bela Vista', 'Curitiba', 'PR', '66269-759', 'Apto 72', NULL, 1),
(144, 'Rua Afonso Pena', 638, 'Barra Funda', 'Curitiba', 'PR', '96981-186', NULL, NULL, 1),
(145, 'Rua Afonso Pena', 259, 'Bela Vista', 'Rio de Janeiro', 'RJ', '44244-890', 'Apto 134', NULL, 1),
(146, 'Av. Brasil', 436, 'Barra Funda', 'Rio de Janeiro', 'RJ', '14445-448', NULL, NULL, 1),
(147, 'Rua das Flores', 937, 'Jardim América', 'Belo Horizonte', 'MG', '41412-291', 'Apto 114', NULL, 1),
(148, 'Rua Chile', 827, 'Barra Funda', 'Salvador', 'BA', '31081-499', 'Apto 32', 'Perto do parque', 1),
(149, 'Rua Augusta', 763, 'Copacabana', 'São Paulo', 'SP', '42549-651', 'Apto 94', NULL, 1),
(150, 'Rua das Flores', 40, 'Jardim América', 'Rio de Janeiro', 'RJ', '88759-266', 'Apto 81', NULL, 1),
(151, 'Rua da Paz', 844, 'Mercês', 'Rio de Janeiro', 'RJ', '91040-990', 'Apto 18', NULL, 1),
(152, 'Av. Brasil', 949, 'Jardim América', 'Salvador', 'BA', '56523-278', NULL, 'Perto do banco', 1),
(153, 'Rua Augusta', 788, 'Moinhos de Vento', 'Rio de Janeiro', 'RJ', '59128-883', NULL, NULL, 1),
(154, 'Rua das Acácias', 774, 'Copacabana', 'Curitiba', 'PR', '40458-213', NULL, 'Perto do banco', 1),
(155, 'Rua Afonso Pena', 653, 'Barra Funda', 'Rio de Janeiro', 'RJ', '26755-704', NULL, 'Perto do banco', 1),
(156, 'Av. Amazonas', 869, 'Mercês', 'Salvador', 'BA', '37266-479', NULL, NULL, 1),
(157, 'Rua Augusta', 696, 'Mercês', 'Salvador', 'BA', '96163-617', 'Apto 145', NULL, 1),
(158, 'Av. Brasil', 79, 'Barra Funda', 'Belo Horizonte', 'MG', '59917-157', 'Apto 145', NULL, 1),
(159, 'Rua Augusta', 117, 'Vila Nova', 'Belo Horizonte', 'MG', '34973-937', NULL, NULL, 1),
(160, 'Rua da Paz', 860, 'Barra Funda', 'Salvador', 'BA', '40279-861', NULL, NULL, 1),
(161, 'Rua Chile', 316, 'Centro', 'Salvador', 'BA', '12471-840', NULL, NULL, 1),
(162, 'Rua das Flores', 77, 'Bela Vista', 'Porto Alegre', 'RS', '91519-540', 'Apto 168', NULL, 1),
(163, 'Rua Sete de Setembro', 138, 'Bela Vista', 'Rio de Janeiro', 'RJ', '42790-620', NULL, NULL, 1),
(164, 'Rua Chile', 922, 'Centro', 'Salvador', 'BA', '32624-129', NULL, NULL, 1),
(165, 'Rua Sete de Setembro', 535, 'Vila Nova', 'Rio de Janeiro', 'RJ', '79290-613', NULL, 'Perto do parque', 1),
(166, 'Rua Chile', 902, 'Centro', 'Rio de Janeiro', 'RJ', '27508-434', 'Apto 163', NULL, 1),
(167, 'Rua da Paz', 309, 'Bela Vista', 'Porto Alegre', 'RS', '43382-940', 'Apto 149', NULL, 1),
(168, 'Av. Amazonas', 236, 'Bela Vista', 'Belo Horizonte', 'MG', '31179-941', NULL, NULL, 1),
(169, 'Rua Sete de Setembro', 363, 'Mercês', 'Salvador', 'BA', '14144-400', NULL, NULL, 1),
(170, 'Rua das Acácias', 572, 'Vila Nova', 'Salvador', 'BA', '81382-228', NULL, 'Perto do parque', 1),
(171, 'Rua Augusta', 982, 'Copacabana', 'Curitiba', 'PR', '80561-614', NULL, NULL, 1),
(172, 'Av. Brasil', 183, 'Moinhos de Vento', 'Curitiba', 'PR', '17647-130', 'Apto 112', NULL, 1),
(173, 'Rua Afonso Pena', 325, 'Botafogo', 'Porto Alegre', 'RS', '86920-323', NULL, NULL, 1),
(174, 'Rua Augusta', 112, 'Botafogo', 'Belo Horizonte', 'MG', '86119-584', NULL, NULL, 1),
(175, 'Rua Sete de Setembro', 72, 'Botafogo', 'Rio de Janeiro', 'RJ', '69632-807', NULL, NULL, 1),
(176, 'Av. Amazonas', 575, 'Bela Vista', 'Porto Alegre', 'RS', '65580-135', 'Apto 183', NULL, 1),
(177, 'Av. Amazonas', 339, 'Jardim América', 'Salvador', 'BA', '56586-977', NULL, NULL, 1),
(178, 'Rua Augusta', 35, 'Jardim América', 'Curitiba', 'PR', '27626-343', 'Apto 167', 'Em frente à praça', 1),
(179, 'Rua Sete de Setembro', 804, 'Botafogo', 'Belo Horizonte', 'MG', '70653-895', NULL, NULL, 1),
(180, 'Av. Brasil', 179, 'Botafogo', 'Porto Alegre', 'RS', '77248-638', NULL, NULL, 1),
(181, 'Rua Sete de Setembro', 592, 'Mercês', 'Curitiba', 'PR', '15618-520', NULL, NULL, 1),
(182, 'Rua Sete de Setembro', 528, 'Savassi', 'São Paulo', 'SP', '23351-964', NULL, NULL, 1),
(183, 'Rua Marechal Floriano', 227, 'Centro', 'São Paulo', 'SP', '55002-914', NULL, NULL, 1),
(184, 'Rua das Flores', 856, 'Moinhos de Vento', 'Porto Alegre', 'RS', '19278-702', NULL, NULL, 1),
(185, 'Av. Amazonas', 890, 'Mercês', 'São Paulo', 'SP', '79993-615', NULL, NULL, 1),
(186, 'Rua Afonso Pena', 111, 'Bela Vista', 'Porto Alegre', 'RS', '25472-613', NULL, 'Perto do parque', 1),
(187, 'Av. Brasil', 86, 'Bela Vista', 'São Paulo', 'SP', '44580-337', NULL, NULL, 1),
(188, 'Rua Marechal Floriano', 606, 'Bela Vista', 'Curitiba', 'PR', '29587-372', NULL, NULL, 1),
(189, 'Rua Chile', 211, 'Jardim América', 'Rio de Janeiro', 'RJ', '23171-141', 'Apto 169', NULL, 1),
(190, 'Rua Augusta', 846, 'Vila Nova', 'Belo Horizonte', 'MG', '48456-429', 'Apto 143', NULL, 1),
(191, 'Av. Brasil', 883, 'Barra Funda', 'Porto Alegre', 'RS', '92515-249', NULL, 'Em frente à praça', 1),
(192, 'Rua Afonso Pena', 141, 'Bela Vista', 'Curitiba', 'PR', '40446-471', NULL, NULL, 1),
(193, 'Rua das Flores', 260, 'Moinhos de Vento', 'Belo Horizonte', 'MG', '79955-296', NULL, 'Em frente à praça', 1),
(194, 'Av. Brasil', 354, 'Copacabana', 'Rio de Janeiro', 'RJ', '57788-606', 'Apto 183', NULL, 1),
(195, 'Rua Sete de Setembro', 904, 'Savassi', 'Salvador', 'BA', '53165-402', NULL, NULL, 1),
(196, 'Rua Chile', 486, 'Copacabana', 'Curitiba', 'PR', '60295-949', 'Apto 197', NULL, 1),
(197, 'Rua Chile', 751, 'Botafogo', 'Belo Horizonte', 'MG', '69804-397', NULL, NULL, 1),
(198, 'Rua Augusta', 361, 'Mercês', 'Porto Alegre', 'RS', '45894-376', NULL, NULL, 1),
(199, 'Av. Amazonas', 200, 'Savassi', 'Rio de Janeiro', 'RJ', '41787-309', NULL, NULL, 1),
(200, 'Rua Marechal Floriano', 498, 'Mercês', 'Rio de Janeiro', 'RJ', '41866-251', NULL, NULL, 1),
(201, 'Rua Augusta', 780, 'Mercês', 'Porto Alegre', 'RS', '68706-640', NULL, NULL, 1),
(202, 'Rua das Acácias', 72, 'Vila Nova', 'São Paulo', 'SP', '84063-941', NULL, NULL, 1),
(203, 'Rua das Flores', 448, 'Jardim América', 'Curitiba', 'PR', '62452-550', NULL, NULL, 1),
(204, 'Rua das Acácias', 711, 'Copacabana', 'Curitiba', 'PR', '80563-775', NULL, NULL, 1),
(205, 'Rua das Flores', 128, 'Barra Funda', 'Curitiba', 'PR', '11714-433', NULL, 'Perto do mercado', 1),
(206, 'Rua Chile', 162, 'Botafogo', 'Salvador', 'BA', '80723-313', 'Apto 110', NULL, 1),
(207, 'Rua Marechal Floriano', 813, 'Vila Nova', 'Rio de Janeiro', 'RJ', '71563-672', NULL, NULL, 1),
(208, 'Rua Afonso Pena', 183, 'Barra Funda', 'Salvador', 'BA', '86808-440', NULL, NULL, 1),
(209, 'Rua da Paz', 926, 'Moinhos de Vento', 'Curitiba', 'PR', '48936-860', 'Apto 75', NULL, 1),
(210, 'Av. Amazonas', 449, 'Botafogo', 'Belo Horizonte', 'MG', '93362-534', NULL, 'Em frente à praça', 1),
(211, 'Rua das Flores', 37, 'Jardim América', 'São Paulo', 'SP', '57214-189', NULL, NULL, 1),
(212, 'Av. Brasil', 447, 'Centro', 'Porto Alegre', 'RS', '79295-404', 'Apto 179', NULL, 1),
(213, 'Rua da Paz', 765, 'Vila Nova', 'Rio de Janeiro', 'RJ', '48431-506', NULL, 'Perto do mercado', 1),
(214, 'Rua Afonso Pena', 690, 'Savassi', 'Salvador', 'BA', '54912-406', NULL, NULL, 1),
(215, 'Rua Chile', 466, 'Vila Nova', 'São Paulo', 'SP', '63504-921', 'Apto 127', 'Perto do banco', 1),
(216, 'Rua Augusta', 301, 'Barra Funda', 'Rio de Janeiro', 'RJ', '33548-558', 'Apto 10', NULL, 1),
(217, 'Av. Brasil', 299, 'Savassi', 'São Paulo', 'SP', '61898-508', NULL, NULL, 1),
(218, 'Rua Marechal Floriano', 948, 'Centro', 'Rio de Janeiro', 'RJ', '57339-107', 'Apto 63', NULL, 1),
(219, 'Rua da Paz', 112, 'Jardim América', 'Curitiba', 'PR', '69266-562', NULL, 'Em frente à praça', 1),
(220, 'Av. Brasil', 808, 'Savassi', 'Rio de Janeiro', 'RJ', '43426-509', NULL, NULL, 1),
(221, 'Rua Sete de Setembro', 527, 'Barra Funda', 'Rio de Janeiro', 'RJ', '96215-678', NULL, NULL, 1),
(222, 'Rua das Acácias', 345, 'Bela Vista', 'São Paulo', 'SP', '32420-640', NULL, NULL, 1),
(223, 'Rua das Flores', 395, 'Bela Vista', 'Salvador', 'BA', '36549-421', 'Apto 74', NULL, 1),
(224, 'Rua Afonso Pena', 360, 'Savassi', 'Porto Alegre', 'RS', '77436-277', NULL, NULL, 1),
(225, 'Rua Augusta', 170, 'Barra Funda', 'Salvador', 'BA', '87922-841', NULL, NULL, 1),
(226, 'Av. Brasil', 803, 'Moinhos de Vento', 'Salvador', 'BA', '69200-510', NULL, NULL, 1),
(227, 'Rua das Flores', 350, 'Centro', 'Rio de Janeiro', 'RJ', '67046-658', 'Apto 182', 'Perto do banco', 1),
(228, 'Av. Amazonas', 7, 'Centro', 'Curitiba', 'PR', '26877-585', NULL, NULL, 1),
(229, 'Rua das Flores', 682, 'Barra Funda', 'Salvador', 'BA', '70689-941', NULL, NULL, 1),
(230, 'Rua Augusta', 690, 'Barra Funda', 'Salvador', 'BA', '52064-435', NULL, 'Perto do mercado', 1),
(231, 'Rua Augusta', 636, 'Moinhos de Vento', 'Belo Horizonte', 'MG', '60278-899', 'Apto 44', NULL, 1),
(232, 'Av. Brasil', 437, 'Bela Vista', 'Porto Alegre', 'RS', '40429-776', NULL, NULL, 1),
(233, 'Rua da Paz', 612, 'Bela Vista', 'Curitiba', 'PR', '24058-867', NULL, NULL, 1),
(234, 'Rua Sete de Setembro', 475, 'Vila Nova', 'Curitiba', 'PR', '41023-792', NULL, 'Perto do parque', 1),
(235, 'Av. Brasil', 862, 'Centro', 'Porto Alegre', 'RS', '56198-916', NULL, NULL, 1),
(236, 'Rua da Paz', 663, 'Vila Nova', 'Porto Alegre', 'RS', '88508-729', NULL, 'Em frente à praça', 1),
(237, 'Rua Chile', 367, 'Copacabana', 'São Paulo', 'SP', '29025-154', NULL, 'Perto do mercado', 1),
(238, 'Rua das Acácias', 474, 'Bela Vista', 'Salvador', 'BA', '43727-694', NULL, NULL, 1),
(239, 'Rua Marechal Floriano', 947, 'Savassi', 'Salvador', 'BA', '23998-854', 'Apto 130', NULL, 1),
(240, 'Av. Brasil', 698, 'Moinhos de Vento', 'Salvador', 'BA', '51228-344', 'Apto 58', NULL, 1),
(241, 'Rua da Paz', 156, 'Bela Vista', 'Rio de Janeiro', 'RJ', '41880-198', NULL, NULL, 1),
(242, 'Av. Amazonas', 771, 'Vila Nova', 'Belo Horizonte', 'MG', '37160-307', 'Apto 147', 'Perto do mercado', 1),
(243, 'Rua Marechal Floriano', 118, 'Bela Vista', 'São Paulo', 'SP', '15987-795', 'Apto 31', 'Em frente à praça', 1),
(244, 'Rua das Acácias', 405, 'Jardim América', 'Salvador', 'BA', '55713-235', NULL, NULL, 1),
(245, 'Av. Amazonas', 916, 'Barra Funda', 'São Paulo', 'SP', '93259-942', 'Apto 24', NULL, 1),
(246, 'Rua das Flores', 478, 'Botafogo', 'Belo Horizonte', 'MG', '30610-608', NULL, NULL, 1),
(247, 'Rua Augusta', 595, 'Barra Funda', 'Salvador', 'BA', '36018-289', 'Apto 72', 'Perto do mercado', 1),
(248, 'Rua da Paz', 491, 'Savassi', 'Curitiba', 'PR', '72233-694', 'Apto 157', NULL, 1),
(249, 'Rua Afonso Pena', 752, 'Mercês', 'Porto Alegre', 'RS', '21089-280', NULL, 'Perto do banco', 1),
(250, 'Rua das Acácias', 383, 'Mercês', 'Rio de Janeiro', 'RJ', '65660-532', NULL, NULL, 1),
(251, 'Rua Marechal Floriano', 417, 'Centro', 'São Paulo', 'SP', '80436-658', NULL, NULL, 1),
(252, 'Av. Amazonas', 878, 'Barra Funda', 'Porto Alegre', 'RS', '95840-534', NULL, NULL, 1),
(253, 'Rua Afonso Pena', 814, 'Savassi', 'Curitiba', 'PR', '29119-906', 'Apto 179', NULL, 1),
(254, 'Rua Afonso Pena', 459, 'Moinhos de Vento', 'Porto Alegre', 'RS', '32687-731', 'Apto 67', NULL, 1),
(255, 'Rua Chile', 789, 'Mercês', 'Rio de Janeiro', 'RJ', '94578-834', NULL, NULL, 1),
(256, 'Rua Chile', 976, 'Jardim América', 'Belo Horizonte', 'MG', '43064-167', NULL, NULL, 1),
(257, 'Rua Sete de Setembro', 337, 'Centro', 'Rio de Janeiro', 'RJ', '15011-887', NULL, NULL, 1),
(258, 'Rua das Flores', 342, 'Barra Funda', 'Rio de Janeiro', 'RJ', '51629-420', NULL, NULL, 1),
(259, 'Rua Augusta', 332, 'Jardim América', 'Belo Horizonte', 'MG', '51834-879', 'Apto 10', NULL, 1),
(260, 'Rua da Paz', 523, 'Barra Funda', 'São Paulo', 'SP', '51183-541', 'Apto 72', 'Em frente à praça', 1),
(261, 'Av. Brasil', 83, 'Mercês', 'São Paulo', 'SP', '43097-233', NULL, NULL, 1),
(262, 'Av. Amazonas', 258, 'Bela Vista', 'Rio de Janeiro', 'RJ', '76932-951', 'Apto 83', NULL, 1),
(263, 'Av. Amazonas', 745, 'Mercês', 'Porto Alegre', 'RS', '77253-968', NULL, NULL, 1),
(264, 'Av. Amazonas', 235, 'Vila Nova', 'Rio de Janeiro', 'RJ', '96520-823', NULL, 'Perto do mercado', 1),
(265, 'Rua Chile', 450, 'Moinhos de Vento', 'São Paulo', 'SP', '31727-366', NULL, 'Em frente à praça', 1),
(266, 'Av. Amazonas', 57, 'Moinhos de Vento', 'Curitiba', 'PR', '29219-525', 'Apto 181', NULL, 1),
(267, 'Av. Amazonas', 965, 'Botafogo', 'Salvador', 'BA', '11983-568', 'Apto 165', NULL, 1),
(268, 'Rua das Flores', 69, 'Mercês', 'Belo Horizonte', 'MG', '23392-772', NULL, NULL, 1),
(269, 'Rua Augusta', 848, 'Bela Vista', 'Belo Horizonte', 'MG', '93060-761', NULL, 'Perto do parque', 1),
(270, 'Rua da Paz', 603, 'Savassi', 'Curitiba', 'PR', '87477-921', 'Apto 83', NULL, 1),
(271, 'Av. Brasil', 772, 'Barra Funda', 'Curitiba', 'PR', '42573-550', NULL, NULL, 1),
(272, 'Rua das Flores', 77, 'Savassi', 'São Paulo', 'SP', '14620-761', NULL, NULL, 1),
(273, 'Rua Marechal Floriano', 276, 'Barra Funda', 'Rio de Janeiro', 'RJ', '34800-568', NULL, 'Perto do parque', 1),
(274, 'Av. Amazonas', 205, 'Botafogo', 'Salvador', 'BA', '83124-357', 'Apto 194', 'Perto do mercado', 1),
(275, 'Av. Amazonas', 27, 'Barra Funda', 'Belo Horizonte', 'MG', '77024-979', NULL, NULL, 1),
(276, 'Rua Afonso Pena', 325, 'Botafogo', 'Porto Alegre', 'RS', '88872-976', NULL, NULL, 1),
(277, 'Rua Augusta', 934, 'Barra Funda', 'Salvador', 'BA', '97513-164', NULL, 'Perto do banco', 1),
(278, 'Av. Brasil', 106, 'Mercês', 'São Paulo', 'SP', '91465-278', NULL, 'Perto do banco', 1),
(279, 'Rua Chile', 203, 'Vila Nova', 'Belo Horizonte', 'MG', '90545-169', 'Apto 50', 'Perto do parque', 1),
(280, 'Rua Marechal Floriano', 422, 'Jardim América', 'Curitiba', 'PR', '36138-525', 'Apto 176', 'Perto do parque', 1),
(281, 'Av. Amazonas', 18, 'Centro', 'São Paulo', 'SP', '78286-665', NULL, NULL, 1),
(282, 'Rua Afonso Pena', 820, 'Centro', 'Salvador', 'BA', '82233-214', NULL, NULL, 1),
(283, 'Av. Amazonas', 146, 'Bela Vista', 'São Paulo', 'SP', '66590-219', NULL, NULL, 1),
(284, 'Rua Chile', 807, 'Bela Vista', 'Belo Horizonte', 'MG', '46556-291', NULL, 'Perto do banco', 1),
(285, 'Rua Chile', 712, 'Vila Nova', 'Salvador', 'BA', '10349-785', NULL, NULL, 1),
(286, 'Rua Sete de Setembro', 263, 'Botafogo', 'Porto Alegre', 'RS', '93575-330', NULL, 'Perto do mercado', 1),
(287, 'Av. Amazonas', 97, 'Savassi', 'Rio de Janeiro', 'RJ', '64068-591', NULL, 'Perto do banco', 1),
(288, 'Av. Brasil', 208, 'Bela Vista', 'Salvador', 'BA', '59338-225', 'Apto 94', NULL, 1),
(289, 'Rua das Flores', 257, 'Botafogo', 'Porto Alegre', 'RS', '72330-954', NULL, NULL, 1),
(290, 'Rua da Paz', 42, 'Centro', 'Porto Alegre', 'RS', '60018-290', NULL, 'Em frente à praça', 1),
(291, 'Av. Brasil', 477, 'Botafogo', 'Porto Alegre', 'RS', '81043-457', 'Apto 112', NULL, 1),
(292, 'Rua Augusta', 54, 'Centro', 'Porto Alegre', 'RS', '43327-306', NULL, NULL, 1),
(293, 'Rua Augusta', 680, 'Mercês', 'Curitiba', 'PR', '48615-812', 'Apto 132', NULL, 1),
(294, 'Rua Afonso Pena', 807, 'Centro', 'Curitiba', 'PR', '53994-529', NULL, NULL, 1),
(295, 'Av. Brasil', 59, 'Moinhos de Vento', 'Porto Alegre', 'RS', '58903-705', NULL, NULL, 1),
(296, 'Rua Augusta', 347, 'Bela Vista', 'Porto Alegre', 'RS', '74738-109', 'Apto 76', NULL, 1),
(297, 'Av. Amazonas', 547, 'Barra Funda', 'Belo Horizonte', 'MG', '82704-686', NULL, NULL, 1),
(298, 'Rua das Flores', 251, 'Botafogo', 'Belo Horizonte', 'MG', '50641-283', NULL, NULL, 1),
(299, 'Rua das Acácias', 742, 'Jardim América', 'São Paulo', 'SP', '19157-923', NULL, NULL, 1),
(300, 'Av. Amazonas', 267, 'Bela Vista', 'Rio de Janeiro', 'RJ', '60211-523', 'Apto 75', NULL, 1),
(301, 'Av. Amazonas', 387, 'Copacabana', 'São Paulo', 'SP', '48966-911', NULL, 'Perto do parque', 1),
(302, 'Rua Afonso Pena', 208, 'Vila Nova', 'Curitiba', 'PR', '80937-909', NULL, NULL, 1),
(303, 'Rua Chile', 708, 'Jardim América', 'Curitiba', 'PR', '75989-548', NULL, NULL, 1),
(304, 'Rua Augusta', 297, 'Vila Nova', 'Salvador', 'BA', '36182-473', NULL, 'Perto do mercado', 1),
(305, 'Rua Chile', 77, 'Bela Vista', 'Rio de Janeiro', 'RJ', '98534-577', NULL, NULL, 1),
(306, 'Rua Marechal Floriano', 993, 'Savassi', 'Salvador', 'BA', '71393-629', NULL, 'Em frente à praça', 1),
(307, 'Rua das Acácias', 366, 'Jardim América', 'Salvador', 'BA', '40437-426', 'Apto 91', NULL, 1),
(308, 'Rua Sete de Setembro', 151, 'Vila Nova', 'Belo Horizonte', 'MG', '32255-807', 'Apto 149', 'Perto do mercado', 1),
(309, 'Rua da Paz', 211, 'Centro', 'Salvador', 'BA', '16052-584', NULL, NULL, 1),
(310, 'Rua das Flores', 24, 'Centro', 'São Paulo', 'SP', '84729-717', 'Apto 15', 'Perto do banco', 1),
(311, 'Rua das Acácias', 31, 'Bela Vista', 'São Paulo', 'SP', '56353-912', NULL, NULL, 1),
(312, 'Rua Sete de Setembro', 575, 'Bela Vista', 'Belo Horizonte', 'MG', '99648-180', 'Apto 179', NULL, 1),
(313, 'Av. Brasil', 15, 'Vila Nova', 'São Paulo', 'SP', '39602-568', 'Apto 190', NULL, 1),
(314, 'Rua das Acácias', 844, 'Vila Nova', 'São Paulo', 'SP', '36151-327', 'Apto 101', NULL, 1),
(315, 'Rua Sete de Setembro', 447, 'Jardim América', 'Rio de Janeiro', 'RJ', '28968-948', 'Apto 186', NULL, 1),
(316, 'Av. Brasil', 608, 'Savassi', 'Belo Horizonte', 'MG', '97531-395', NULL, NULL, 1),
(317, 'Rua das Flores', 866, 'Centro', 'Belo Horizonte', 'MG', '88685-160', 'Apto 14', NULL, 1),
(318, 'Rua das Flores', 810, 'Bela Vista', 'Porto Alegre', 'RS', '51031-359', NULL, NULL, 1),
(319, 'Rua das Flores', 399, 'Moinhos de Vento', 'Rio de Janeiro', 'RJ', '69479-626', NULL, 'Perto do banco', 1),
(320, 'Rua Marechal Floriano', 302, 'Moinhos de Vento', 'São Paulo', 'SP', '73769-799', NULL, NULL, 1),
(321, 'Rua Chile', 397, 'Savassi', 'Salvador', 'BA', '34472-683', NULL, NULL, 1),
(322, 'Av. Brasil', 857, 'Savassi', 'São Paulo', 'SP', '68028-339', NULL, 'Perto do mercado', 1),
(323, 'Av. Brasil', 343, 'Barra Funda', 'Curitiba', 'PR', '26046-845', 'Apto 188', NULL, 1),
(324, 'Av. Amazonas', 996, 'Savassi', 'Curitiba', 'PR', '62392-585', NULL, NULL, 1),
(325, 'Rua das Flores', 778, 'Mercês', 'Rio de Janeiro', 'RJ', '50804-210', NULL, NULL, 1),
(326, 'Rua Chile', 156, 'Centro', 'São Paulo', 'SP', '61030-746', NULL, NULL, 1),
(327, 'Av. Brasil', 952, 'Barra Funda', 'Porto Alegre', 'RS', '59416-906', NULL, NULL, 1),
(328, 'Rua das Acácias', 830, 'Botafogo', 'Belo Horizonte', 'MG', '61180-178', 'Apto 95', NULL, 1),
(329, 'Rua Sete de Setembro', 45, 'Barra Funda', 'Belo Horizonte', 'MG', '56783-148', NULL, NULL, 1),
(330, 'Rua da Paz', 813, 'Bela Vista', 'Belo Horizonte', 'MG', '68602-937', NULL, 'Perto do banco', 1),
(331, 'Rua Marechal Floriano', 705, 'Copacabana', 'Salvador', 'BA', '67490-699', 'Apto 15', NULL, 1),
(332, 'Rua Sete de Setembro', 981, 'Vila Nova', 'Rio de Janeiro', 'RJ', '57095-547', 'Apto 183', NULL, 1),
(333, 'Rua da Paz', 519, 'Botafogo', 'São Paulo', 'SP', '25529-678', NULL, NULL, 1),
(334, 'Rua das Acácias', 63, 'Vila Nova', 'Porto Alegre', 'RS', '22419-265', NULL, NULL, 1),
(335, 'Rua Chile', 13, 'Barra Funda', 'São Paulo', 'SP', '20819-937', 'Apto 165', NULL, 1),
(336, 'Rua Chile', 255, 'Moinhos de Vento', 'Rio de Janeiro', 'RJ', '26134-828', NULL, NULL, 1),
(337, 'Rua Sete de Setembro', 779, 'Centro', 'São Paulo', 'SP', '27087-330', 'Apto 1', 'Perto do banco', 1),
(338, 'Rua Afonso Pena', 525, 'Vila Nova', 'Porto Alegre', 'RS', '26953-582', NULL, 'Perto do banco', 1),
(339, 'Rua Chile', 569, 'Vila Nova', 'Porto Alegre', 'RS', '41872-765', 'Apto 112', NULL, 1),
(340, 'Av. Amazonas', 556, 'Vila Nova', 'Belo Horizonte', 'MG', '87982-267', NULL, 'Perto do parque', 1),
(341, 'Rua Chile', 970, 'Copacabana', 'Belo Horizonte', 'MG', '56041-798', NULL, NULL, 1),
(342, 'Rua Sete de Setembro', 888, 'Barra Funda', 'Curitiba', 'PR', '92907-927', 'Apto 33', NULL, 1),
(343, 'Av. Brasil', 716, 'Mercês', 'Belo Horizonte', 'MG', '30055-141', 'Apto 77', 'Perto do parque', 1),
(344, 'Rua Augusta', 289, 'Moinhos de Vento', 'Porto Alegre', 'RS', '10062-159', NULL, NULL, 1),
(345, 'Av. Amazonas', 697, 'Moinhos de Vento', 'São Paulo', 'SP', '49696-593', 'Apto 39', 'Perto do parque', 1),
(346, 'Rua das Acácias', 877, 'Copacabana', 'Curitiba', 'PR', '86642-145', NULL, NULL, 1),
(347, 'Rua das Acácias', 255, 'Barra Funda', 'Belo Horizonte', 'MG', '74960-289', NULL, NULL, 1),
(348, 'Rua Marechal Floriano', 563, 'Vila Nova', 'São Paulo', 'SP', '42459-628', NULL, 'Perto do mercado', 1),
(349, 'Rua Sete de Setembro', 865, 'Jardim América', 'Salvador', 'BA', '64325-937', 'Apto 120', NULL, 1),
(350, 'Av. Amazonas', 82, 'Mercês', 'Curitiba', 'PR', '43455-484', NULL, NULL, 1),
(351, 'Rua das Acácias', 573, 'Centro', 'Belo Horizonte', 'MG', '17977-223', NULL, NULL, 1),
(352, 'Rua Augusta', 659, 'Jardim América', 'Salvador', 'BA', '32278-374', 'Apto 14', NULL, 1),
(353, 'Rua Augusta', 421, 'Bela Vista', 'São Paulo', 'SP', '35562-211', NULL, NULL, 1),
(354, 'Rua Augusta', 70, 'Mercês', 'Porto Alegre', 'RS', '26035-168', NULL, NULL, 1),
(355, 'Av. Amazonas', 342, 'Savassi', 'Salvador', 'BA', '97764-924', NULL, NULL, 1),
(356, 'Rua Sete de Setembro', 591, 'Mercês', 'Rio de Janeiro', 'RJ', '61488-646', 'Apto 103', NULL, 1),
(357, 'Rua das Acácias', 286, 'Mercês', 'Curitiba', 'PR', '84449-264', NULL, NULL, 1),
(358, 'Av. Amazonas', 456, 'Moinhos de Vento', 'Salvador', 'BA', '70108-616', NULL, NULL, 1),
(359, 'Rua das Acácias', 227, 'Vila Nova', 'Porto Alegre', 'RS', '87727-698', NULL, NULL, 1),
(360, 'Rua Sete de Setembro', 293, 'Copacabana', 'Rio de Janeiro', 'RJ', '11957-361', NULL, 'Em frente à praça', 1),
(361, 'Rua das Flores', 35, 'Barra Funda', 'Salvador', 'BA', '74773-837', NULL, NULL, 1),
(362, 'Rua Marechal Floriano', 853, 'Barra Funda', 'Salvador', 'BA', '43222-578', NULL, NULL, 1),
(363, 'Rua da Paz', 417, 'Centro', 'Rio de Janeiro', 'RJ', '83309-166', NULL, NULL, 1),
(364, 'Rua Sete de Setembro', 891, 'Centro', 'Rio de Janeiro', 'RJ', '58401-725', NULL, NULL, 1),
(365, 'Rua Marechal Floriano', 69, 'Copacabana', 'Rio de Janeiro', 'RJ', '33337-972', NULL, 'Em frente à praça', 1),
(366, 'Rua da Paz', 843, 'Moinhos de Vento', 'Salvador', 'BA', '90743-131', 'Apto 109', NULL, 1),
(367, 'Rua Afonso Pena', 552, 'Vila Nova', 'Curitiba', 'PR', '42592-596', 'Apto 186', NULL, 1),
(368, 'Rua da Paz', 303, 'Barra Funda', 'Rio de Janeiro', 'RJ', '38233-768', NULL, NULL, 1),
(369, 'Rua Chile', 61, 'Bela Vista', 'Salvador', 'BA', '29935-757', NULL, NULL, 1),
(370, 'Rua Sete de Setembro', 340, 'Centro', 'Rio de Janeiro', 'RJ', '46559-423', NULL, NULL, 1),
(371, 'Rua das Flores', 870, 'Jardim América', 'Salvador', 'BA', '64336-996', NULL, 'Perto do parque', 1),
(372, 'Rua Augusta', 733, 'Jardim América', 'Salvador', 'BA', '68304-836', 'Apto 70', NULL, 1),
(373, 'Rua Sete de Setembro', 634, 'Savassi', 'Salvador', 'BA', '90948-958', NULL, NULL, 1),
(374, 'Rua Marechal Floriano', 534, 'Vila Nova', 'Salvador', 'BA', '98170-919', NULL, NULL, 1),
(375, 'Rua Sete de Setembro', 86, 'Vila Nova', 'Porto Alegre', 'RS', '43269-642', NULL, 'Perto do banco', 1),
(376, 'Rua Augusta', 348, 'Savassi', 'Curitiba', 'PR', '24228-562', 'Apto 130', NULL, 1),
(377, 'Av. Brasil', 171, 'Copacabana', 'São Paulo', 'SP', '51217-340', NULL, NULL, 1),
(378, 'Rua Augusta', 625, 'Bela Vista', 'Salvador', 'BA', '64459-224', NULL, NULL, 1),
(379, 'Rua Marechal Floriano', 573, 'Savassi', 'Curitiba', 'PR', '30478-331', 'Apto 33', NULL, 1),
(380, 'Rua Sete de Setembro', 820, 'Bela Vista', 'Porto Alegre', 'RS', '98173-366', NULL, NULL, 1),
(381, 'Rua Marechal Floriano', 234, 'Barra Funda', 'Rio de Janeiro', 'RJ', '41882-800', NULL, NULL, 1),
(382, 'Rua Marechal Floriano', 528, 'Vila Nova', 'Porto Alegre', 'RS', '99170-784', 'Apto 7', NULL, 1),
(383, 'Av. Brasil', 298, 'Mercês', 'Porto Alegre', 'RS', '30317-810', 'Apto 48', NULL, 1),
(384, 'Rua das Acácias', 262, 'Moinhos de Vento', 'Salvador', 'BA', '33193-524', NULL, NULL, 1),
(385, 'Rua das Flores', 628, 'Jardim América', 'Belo Horizonte', 'MG', '33065-586', NULL, 'Perto do parque', 1),
(386, 'Av. Brasil', 200, 'Moinhos de Vento', 'Belo Horizonte', 'MG', '98082-758', NULL, NULL, 1),
(387, 'Rua da Paz', 669, 'Moinhos de Vento', 'Salvador', 'BA', '74931-225', 'Apto 152', NULL, 1),
(388, 'Rua das Flores', 867, 'Jardim América', 'Rio de Janeiro', 'RJ', '95645-420', NULL, NULL, 1),
(389, 'Rua Sete de Setembro', 420, 'Vila Nova', 'Curitiba', 'PR', '50242-880', NULL, NULL, 1),
(390, 'Rua das Acácias', 93, 'Barra Funda', 'Porto Alegre', 'RS', '35996-940', 'Apto 110', NULL, 1),
(391, 'Rua Afonso Pena', 511, 'Copacabana', 'Curitiba', 'PR', '63199-294', NULL, NULL, 1),
(392, 'Rua Marechal Floriano', 974, 'Savassi', 'Rio de Janeiro', 'RJ', '95011-797', NULL, NULL, 1),
(393, 'Av. Amazonas', 258, 'Mercês', 'Rio de Janeiro', 'RJ', '74323-997', NULL, NULL, 1),
(394, 'Rua Afonso Pena', 333, 'Jardim América', 'Belo Horizonte', 'MG', '45259-501', NULL, NULL, 1),
(395, 'Av. Amazonas', 566, 'Mercês', 'São Paulo', 'SP', '17755-534', NULL, NULL, 1),
(396, 'Rua Marechal Floriano', 490, 'Vila Nova', 'Salvador', 'BA', '20213-931', 'Apto 134', 'Perto do mercado', 1),
(397, 'Av. Brasil', 599, 'Vila Nova', 'Curitiba', 'PR', '83081-482', NULL, NULL, 1),
(398, 'Av. Brasil', 948, 'Vila Nova', 'Rio de Janeiro', 'RJ', '15643-904', NULL, NULL, 1),
(399, 'Av. Brasil', 530, 'Moinhos de Vento', 'Porto Alegre', 'RS', '18479-675', NULL, NULL, 1),
(400, 'Av. Amazonas', 828, 'Vila Nova', 'Belo Horizonte', 'MG', '25972-865', 'Apto 170', NULL, 1),
(401, 'Rua Augusta', 358, 'Barra Funda', 'São Paulo', 'SP', '34685-216', NULL, NULL, 1),
(402, 'Rua Sete de Setembro', 713, 'Barra Funda', 'Rio de Janeiro', 'RJ', '12513-138', NULL, NULL, 1),
(403, 'Rua Chile', 591, 'Savassi', 'Salvador', 'BA', '11922-752', NULL, NULL, 1),
(404, 'Rua das Acácias', 672, 'Bela Vista', 'Salvador', 'BA', '85211-103', NULL, NULL, 1),
(405, 'Rua Augusta', 87, 'Moinhos de Vento', 'Curitiba', 'PR', '87660-822', 'Apto 157', NULL, 1),
(406, 'Av. Brasil', 125, 'Botafogo', 'Belo Horizonte', 'MG', '61342-278', NULL, NULL, 1),
(407, 'Rua Chile', 274, 'Bela Vista', 'Curitiba', 'PR', '13407-831', NULL, NULL, 1),
(408, 'Rua das Flores', 364, 'Copacabana', 'Porto Alegre', 'RS', '58145-426', 'Apto 171', 'Perto do mercado', 1),
(409, 'Rua Marechal Floriano', 451, 'Savassi', 'Belo Horizonte', 'MG', '38546-762', NULL, NULL, 1),
(410, 'Rua Chile', 238, 'Copacabana', 'Porto Alegre', 'RS', '66855-566', NULL, NULL, 1),
(411, 'Rua Sete de Setembro', 456, 'Mercês', 'Salvador', 'BA', '34854-432', NULL, 'Em frente à praça', 1),
(412, 'Rua Augusta', 666, 'Mercês', 'Porto Alegre', 'RS', '51076-689', 'Apto 37', NULL, 1),
(413, 'Rua Augusta', 879, 'Centro', 'Salvador', 'BA', '50030-132', 'Apto 188', NULL, 1),
(414, 'Av. Brasil', 720, 'Moinhos de Vento', 'Porto Alegre', 'RS', '67974-851', NULL, NULL, 1),
(415, 'Rua da Paz', 483, 'Barra Funda', 'Curitiba', 'PR', '82407-900', NULL, NULL, 1),
(416, 'Rua Chile', 210, 'Mercês', 'Belo Horizonte', 'MG', '25364-410', NULL, NULL, 1),
(417, 'Rua Augusta', 762, 'Botafogo', 'Porto Alegre', 'RS', '50506-130', NULL, NULL, 1),
(418, 'Rua das Acácias', 514, 'Mercês', 'Curitiba', 'PR', '33227-362', 'Apto 174', NULL, 1),
(419, 'Rua Augusta', 54, 'Copacabana', 'Porto Alegre', 'RS', '86395-561', NULL, NULL, 1),
(420, 'Rua das Flores', 560, 'Bela Vista', 'Curitiba', 'PR', '24261-767', NULL, NULL, 1),
(421, 'Rua Marechal Floriano', 587, 'Centro', 'Belo Horizonte', 'MG', '17302-937', NULL, NULL, 1),
(422, 'Av. Brasil', 491, 'Bela Vista', 'Rio de Janeiro', 'RJ', '48596-856', NULL, 'Perto do mercado', 1),
(423, 'Rua da Paz', 216, 'Copacabana', 'Curitiba', 'PR', '39804-367', 'Apto 24', NULL, 1),
(424, 'Rua Augusta', 791, 'Barra Funda', 'São Paulo', 'SP', '67521-454', NULL, NULL, 1),
(425, 'Rua Afonso Pena', 811, 'Savassi', 'Porto Alegre', 'RS', '77704-684', 'Apto 33', NULL, 1),
(426, 'Rua Afonso Pena', 971, 'Botafogo', 'Rio de Janeiro', 'RJ', '74616-540', NULL, NULL, 1),
(427, 'Rua Marechal Floriano', 589, 'Barra Funda', 'Belo Horizonte', 'MG', '30195-955', NULL, 'Em frente à praça', 1),
(428, 'Rua da Paz', 756, 'Savassi', 'Porto Alegre', 'RS', '45600-259', NULL, NULL, 1),
(429, 'Rua Marechal Floriano', 564, 'Centro', 'Porto Alegre', 'RS', '39885-717', NULL, 'Perto do parque', 1),
(430, 'Rua Afonso Pena', 458, 'Vila Nova', 'Curitiba', 'PR', '34468-544', NULL, NULL, 1),
(431, 'Rua da Paz', 526, 'Savassi', 'Belo Horizonte', 'MG', '22049-806', NULL, 'Perto do banco', 1),
(432, 'Rua das Flores', 759, 'Bela Vista', 'Curitiba', 'PR', '61853-257', NULL, NULL, 1),
(433, 'Rua das Flores', 823, 'Barra Funda', 'Salvador', 'BA', '41838-558', NULL, NULL, 1),
(434, 'Rua das Flores', 812, 'Centro', 'Curitiba', 'PR', '87948-785', NULL, 'Em frente à praça', 1),
(435, 'Rua das Flores', 801, 'Centro', 'Salvador', 'BA', '11124-131', 'Apto 192', 'Perto do banco', 1),
(436, 'Rua Augusta', 862, 'Mercês', 'Curitiba', 'PR', '40328-619', 'Apto 99', 'Em frente à praça', 1),
(437, 'Rua Marechal Floriano', 89, 'Centro', 'Salvador', 'BA', '66577-488', 'Apto 80', NULL, 1),
(438, 'Rua Afonso Pena', 841, 'Vila Nova', 'Curitiba', 'PR', '64465-566', NULL, 'Perto do mercado', 1),
(439, 'Rua Sete de Setembro', 71, 'Copacabana', 'Porto Alegre', 'RS', '84955-603', NULL, NULL, 1),
(440, 'Rua da Paz', 379, 'Savassi', 'Salvador', 'BA', '76498-417', NULL, 'Em frente à praça', 1),
(441, 'Rua Chile', 610, 'Copacabana', 'Porto Alegre', 'RS', '41160-658', NULL, 'Perto do parque', 1),
(442, 'Rua Chile', 349, 'Vila Nova', 'Belo Horizonte', 'MG', '30511-839', 'Apto 63', NULL, 1),
(443, 'Rua Augusta', 505, 'Copacabana', 'Porto Alegre', 'RS', '47362-619', 'Apto 58', NULL, 1),
(444, 'Rua das Flores', 794, 'Moinhos de Vento', 'Porto Alegre', 'RS', '61725-519', 'Apto 144', NULL, 1),
(445, 'Rua Afonso Pena', 24, 'Barra Funda', 'Porto Alegre', 'RS', '63470-848', NULL, NULL, 1),
(446, 'Rua Sete de Setembro', 485, 'Jardim América', 'Rio de Janeiro', 'RJ', '74796-520', 'Apto 117', NULL, 1),
(447, 'Av. Brasil', 225, 'Centro', 'Porto Alegre', 'RS', '71810-624', NULL, 'Perto do parque', 1),
(448, 'Rua Afonso Pena', 360, 'Moinhos de Vento', 'Belo Horizonte', 'MG', '10822-912', 'Apto 123', NULL, 1),
(449, 'Av. Brasil', 267, 'Mercês', 'Rio de Janeiro', 'RJ', '46936-107', NULL, 'Perto do mercado', 1),
(450, 'Rua Sete de Setembro', 129, 'Bela Vista', 'Curitiba', 'PR', '91617-554', 'Apto 106', NULL, 1),
(451, 'Rua Afonso Pena', 241, 'Moinhos de Vento', 'Salvador', 'BA', '41770-662', NULL, 'Perto do banco', 1),
(452, 'Rua Sete de Setembro', 249, 'Moinhos de Vento', 'Rio de Janeiro', 'RJ', '30900-337', NULL, 'Perto do mercado', 1),
(453, 'Av. Brasil', 931, 'Centro', 'Rio de Janeiro', 'RJ', '54794-636', NULL, NULL, 1),
(454, 'Rua das Flores', 407, 'Botafogo', 'Salvador', 'BA', '34045-586', NULL, NULL, 1),
(455, 'Rua Marechal Floriano', 203, 'Centro', 'São Paulo', 'SP', '66136-862', NULL, NULL, 1),
(456, 'Rua das Acácias', 114, 'Botafogo', 'Rio de Janeiro', 'RJ', '71865-916', NULL, NULL, 1),
(457, 'Rua das Acácias', 373, 'Jardim América', 'Salvador', 'BA', '85168-111', NULL, NULL, 1),
(458, 'Av. Brasil', 302, 'Vila Nova', 'Curitiba', 'PR', '25482-341', 'Apto 170', NULL, 1),
(459, 'Rua Chile', 337, 'Copacabana', 'Salvador', 'BA', '14437-657', 'Apto 108', 'Perto do parque', 1),
(460, 'Av. Amazonas', 556, 'Vila Nova', 'Belo Horizonte', 'MG', '91018-344', NULL, NULL, 1),
(461, 'Rua da Paz', 968, 'Moinhos de Vento', 'São Paulo', 'SP', '73577-553', 'Apto 187', NULL, 1),
(462, 'Rua da Paz', 665, 'Botafogo', 'Salvador', 'BA', '88469-775', NULL, NULL, 1),
(463, 'Rua Chile', 481, 'Centro', 'Rio de Janeiro', 'RJ', '80385-316', NULL, NULL, 1),
(464, 'Rua Marechal Floriano', 296, 'Mercês', 'Belo Horizonte', 'MG', '66877-965', NULL, NULL, 1),
(465, 'Rua das Acácias', 580, 'Centro', 'Porto Alegre', 'RS', '28701-476', NULL, NULL, 1),
(466, 'Rua da Paz', 39, 'Copacabana', 'Belo Horizonte', 'MG', '53060-209', 'Apto 156', 'Perto do banco', 1),
(467, 'Av. Amazonas', 291, 'Botafogo', 'Rio de Janeiro', 'RJ', '23307-847', NULL, NULL, 1),
(468, 'Rua Chile', 902, 'Bela Vista', 'Salvador', 'BA', '98302-605', 'Apto 40', NULL, 1),
(469, 'Rua das Flores', 564, 'Bela Vista', 'Curitiba', 'PR', '59765-440', NULL, NULL, 1),
(470, 'Rua das Flores', 711, 'Botafogo', 'Salvador', 'BA', '54206-542', NULL, NULL, 1),
(471, 'Av. Amazonas', 436, 'Jardim América', 'Rio de Janeiro', 'RJ', '12267-767', NULL, 'Perto do banco', 1),
(472, 'Rua das Acácias', 541, 'Bela Vista', 'Salvador', 'BA', '84501-530', 'Apto 108', NULL, 1),
(473, 'Rua Augusta', 236, 'Mercês', 'Porto Alegre', 'RS', '80142-980', NULL, NULL, 1),
(474, 'Rua Augusta', 735, 'Moinhos de Vento', 'Rio de Janeiro', 'RJ', '33794-230', 'Apto 199', NULL, 1),
(475, 'Rua Marechal Floriano', 228, 'Vila Nova', 'Rio de Janeiro', 'RJ', '25013-171', NULL, NULL, 1),
(476, 'Rua Chile', 726, 'Mercês', 'Porto Alegre', 'RS', '34459-764', 'Apto 106', NULL, 1),
(477, 'Rua Marechal Floriano', 320, 'Centro', 'Salvador', 'BA', '41358-207', NULL, 'Perto do mercado', 1),
(478, 'Rua Marechal Floriano', 842, 'Savassi', 'Salvador', 'BA', '63699-655', NULL, 'Perto do banco', 1),
(479, 'Rua Sete de Setembro', 984, 'Botafogo', 'São Paulo', 'SP', '57509-273', 'Apto 105', NULL, 1),
(480, 'Rua Marechal Floriano', 932, 'Barra Funda', 'Rio de Janeiro', 'RJ', '77585-729', 'Apto 1', 'Perto do parque', 1),
(481, 'Rua Marechal Floriano', 375, 'Jardim América', 'Rio de Janeiro', 'RJ', '43540-389', NULL, NULL, 1),
(482, 'Rua Afonso Pena', 936, 'Copacabana', 'Curitiba', 'PR', '10848-676', 'Apto 25', 'Perto do banco', 1),
(483, 'Rua Sete de Setembro', 227, 'Mercês', 'Belo Horizonte', 'MG', '76446-367', 'Apto 51', NULL, 1),
(484, 'Rua da Paz', 9, 'Bela Vista', 'Porto Alegre', 'RS', '90338-159', 'Apto 196', NULL, 1),
(485, 'Rua Afonso Pena', 923, 'Copacabana', 'Belo Horizonte', 'MG', '98945-868', NULL, NULL, 1),
(486, 'Rua Marechal Floriano', 481, 'Botafogo', 'Belo Horizonte', 'MG', '57378-566', NULL, NULL, 1),
(487, 'Rua da Paz', 876, 'Savassi', 'São Paulo', 'SP', '25585-871', NULL, NULL, 1),
(488, 'Rua das Flores', 493, 'Moinhos de Vento', 'Porto Alegre', 'RS', '77310-310', NULL, NULL, 1),
(489, 'Rua Sete de Setembro', 413, 'Jardim América', 'São Paulo', 'SP', '59052-400', 'Apto 30', NULL, 1),
(490, 'Av. Brasil', 834, 'Copacabana', 'Belo Horizonte', 'MG', '43701-932', NULL, NULL, 1),
(491, 'Rua das Acácias', 421, 'Copacabana', 'Rio de Janeiro', 'RJ', '11475-871', 'Apto 34', NULL, 1),
(492, 'Rua Chile', 309, 'Bela Vista', 'Belo Horizonte', 'MG', '99285-914', 'Apto 170', NULL, 1),
(493, 'Rua Marechal Floriano', 487, 'Barra Funda', 'Belo Horizonte', 'MG', '19782-229', NULL, NULL, 1),
(494, 'Rua das Flores', 559, 'Vila Nova', 'Curitiba', 'PR', '99063-665', NULL, NULL, 1),
(495, 'Rua das Acácias', 370, 'Savassi', 'São Paulo', 'SP', '20348-568', NULL, NULL, 1),
(496, 'Rua Augusta', 1, 'Vila Nova', 'Curitiba', 'PR', '75881-200', NULL, NULL, 1),
(497, 'Av. Amazonas', 22, 'Savassi', 'Porto Alegre', 'RS', '55668-750', 'Apto 139', 'Perto do mercado', 1),
(498, 'Rua Augusta', 410, 'Vila Nova', 'Rio de Janeiro', 'RJ', '41763-401', 'Apto 19', NULL, 1),
(499, 'Rua das Flores', 906, 'Jardim América', 'Salvador', 'BA', '54833-208', 'Apto 73', NULL, 1),
(500, 'Av. Brasil', 94, 'Bela Vista', 'Rio de Janeiro', 'RJ', '47940-998', NULL, NULL, 1);

-- Telefones

INSERT INTO Telefones (UsuarioId, NumeroTelefone, TipoTelefoneId) VALUES

(1, '(51)99784-3925', 1),
(2, '(11)99853-3418', 2),
(3, '(41)93536-1404', 2),
(4, '(41)94175-3826', 2),
(5, '(21)96923-3930', 1),
(6, '(51)92824-3551', 2),
(7, '(11)97834-7464', 1),
(8, '(31)99695-7798', 2),
(9, '(11)99800-8220', 1),
(10, '(51)91896-9102', 1),
(11, '(71)98535-7517', 1),
(12, '(21)93201-6720', 2),
(13, '(11)95618-1804', 2),
(14, '(21)91763-1853', 2),
(15, '(51)93360-2240', 1),
(16, '(71)93497-7213', 2),
(17, '(41)92342-5745', 2),
(18, '(71)99159-7546', 2),
(19, '(71)94009-8370', 2),
(20, '(21)91885-4927', 1),
(21, '(51)95206-1152', 1),
(22, '(41)94683-2193', 2),
(23, '(71)94422-6748', 1),
(24, '(41)98544-9950', 2),
(25, '(11)98363-3543', 1),
(26, '(51)99382-1912', 2),
(27, '(41)94727-2539', 2),
(28, '(11)96289-8735', 2),
(29, '(31)91670-6285', 1),
(30, '(31)94660-4789', 2),
(31, '(21)93884-4812', 1),
(32, '(21)95010-7318', 1),
(33, '(21)98240-2744', 2),
(34, '(41)99864-3697', 1),
(35, '(71)96448-4922', 2),
(36, '(31)92372-1970', 2),
(37, '(11)97911-5897', 2),
(38, '(11)96190-6500', 1),
(39, '(51)92012-1378', 2),
(40, '(71)99033-7434', 2),
(41, '(51)93191-2037', 1),
(42, '(21)99156-5834', 1),
(43, '(21)94125-5585', 2),
(44, '(41)96615-8200', 2),
(45, '(71)98643-3129', 2),
(46, '(41)98440-4190', 1),
(47, '(71)96437-3218', 1),
(48, '(51)92686-1878', 2),
(49, '(71)93476-8664', 1),
(50, '(31)92137-8106', 2),
(51, '(31)94654-1943', 2),
(52, '(21)93431-1274', 2),
(53, '(11)99199-7119', 2),
(54, '(51)97651-2952', 1),
(55, '(41)99976-7817', 1),
(56, '(31)98774-4044', 1),
(57, '(11)96730-3162', 1),
(58, '(11)98269-9704', 1),
(59, '(31)97952-4217', 2),
(60, '(41)93473-6025', 2),
(61, '(41)92628-6305', 1),
(62, '(71)98974-6287', 1),
(63, '(51)95614-6172', 2),
(64, '(31)96110-5224', 1),
(65, '(41)97500-8438', 1),
(66, '(41)91188-8047', 2),
(67, '(71)91974-2433', 2),
(68, '(71)95206-2973', 1),
(69, '(41)91744-9965', 2),
(70, '(21)94860-6333', 2),
(71, '(41)99467-3280', 1),
(72, '(41)99962-9230', 2),
(73, '(51)96489-8725', 1),
(74, '(11)98625-7209', 2),
(75, '(21)97685-8289', 2),
(76, '(31)96611-7539', 2),
(77, '(51)92122-8239', 1),
(78, '(31)94553-9687', 2),
(79, '(71)92653-9022', 2),
(80, '(31)99295-5808', 1),
(81, '(71)93276-4318', 1),
(82, '(51)95774-1788', 2),
(83, '(11)91097-1759', 1),
(84, '(21)97066-2036', 2),
(85, '(31)92024-5077', 2),
(86, '(21)95035-9352', 2),
(87, '(21)94936-8419', 2),
(88, '(31)96538-8657', 1),
(89, '(11)94482-7558', 1),
(90, '(71)97698-1215', 2),
(91, '(51)94369-1424', 2),
(92, '(41)92514-3108', 2),
(93, '(41)93098-9477', 2),
(94, '(71)97732-4614', 1),
(95, '(11)92399-9874', 1),
(96, '(71)95532-5725', 1),
(97, '(71)94003-5356', 2),
(98, '(31)92445-6210', 2),
(99, '(11)99550-1997', 1),
(100, '(71)94112-3167', 1),
(101, '(71)92978-4176', 2),
(102, '(51)94729-3250', 2),
(103, '(41)97010-7909', 1),
(104, '(71)93332-6217', 2),
(105, '(21)95863-1429', 2),
(106, '(71)96654-4031', 1),
(107, '(51)94958-4371', 1),
(108, '(31)93401-1055', 1),
(109, '(11)93371-3036', 2),
(110, '(41)96429-3609', 1),
(111, '(51)99628-6875', 1),
(112, '(31)99263-4830', 2),
(113, '(11)98202-1467', 1),
(114, '(21)99870-3368', 2),
(115, '(41)97779-3669', 2),
(116, '(41)95272-8307', 1),
(117, '(11)94064-5132', 1),
(118, '(71)97219-3805', 2),
(119, '(51)96228-7129', 1),
(120, '(11)92585-6136', 2),
(121, '(71)91263-6420', 2),
(122, '(31)93916-7044', 1),
(123, '(51)93972-5913', 1),
(124, '(51)97240-4742', 2),
(125, '(51)94087-6107', 1),
(126, '(71)96527-7618', 1),
(127, '(21)91593-2126', 2),
(128, '(21)92718-4472', 2),
(129, '(31)92654-1293', 2),
(130, '(31)96551-1426', 1),
(131, '(11)92907-1079', 2),
(132, '(11)96690-8690', 1),
(133, '(31)91649-3654', 1),
(134, '(41)97618-3576', 1),
(135, '(31)97795-1255', 2),
(136, '(21)94893-8902', 1),
(137, '(71)94695-8501', 1),
(138, '(31)97185-8031', 1),
(139, '(31)99691-5591', 1),
(140, '(11)98680-7938', 1),
(141, '(31)95196-4454', 2),
(142, '(11)91434-2860', 1),
(143, '(51)93522-2644', 1),
(144, '(51)92995-4246', 1),
(145, '(41)95472-2578', 1),
(146, '(41)95221-8355', 2),
(147, '(31)97142-2766', 2),
(148, '(51)95982-4474', 2),
(149, '(71)97785-6181', 1),
(150, '(41)94644-4124', 2),
(151, '(31)96550-1429', 1),
(152, '(41)95769-1929', 2),
(153, '(71)99863-4673', 1),
(154, '(51)91093-6779', 2),
(155, '(21)95025-5745', 2),
(156, '(11)97669-8912', 2),
(157, '(11)95751-8264', 1),
(158, '(31)93602-6344', 2),
(159, '(51)97855-7337', 1),
(160, '(71)97398-1075', 1),
(161, '(71)94289-9375', 2),
(162, '(21)94581-3962', 2),
(163, '(31)98234-6690', 1),
(164, '(31)92708-3367', 1),
(165, '(21)99580-9581', 1),
(166, '(21)97296-8878', 1),
(167, '(51)94829-6926', 1),
(168, '(41)91127-9226', 2),
(169, '(41)99279-9994', 2),
(170, '(21)99722-9167', 2),
(171, '(71)92976-5686', 2),
(172, '(31)94904-9224', 1),
(173, '(71)92617-4386', 2),
(174, '(51)91692-7229', 2),
(175, '(21)92468-4982', 1),
(176, '(31)97229-6564', 2),
(177, '(51)91813-8621', 2),
(178, '(11)96261-6140', 1),
(179, '(71)93869-7871', 1),
(180, '(41)98692-8152', 2),
(181, '(31)97313-1778', 1),
(182, '(21)95332-5991', 2),
(183, '(31)99597-9566', 1),
(184, '(21)92049-8505', 2),
(185, '(31)95780-4301', 2),
(186, '(21)99312-6756', 2),
(187, '(31)97005-1194', 1),
(188, '(21)92183-9485', 2),
(189, '(71)98533-3950', 2),
(190, '(21)98629-4163', 1),
(191, '(21)95232-8349', 2),
(192, '(31)91044-7339', 1),
(193, '(71)98462-6792', 1),
(194, '(51)92454-4255', 1),
(195, '(51)95478-3805', 2),
(196, '(11)98211-1645', 1),
(197, '(51)97992-1202', 2),
(198, '(71)99645-4114', 1),
(199, '(21)95108-6804', 1),
(200, '(31)91529-8792', 1),
(201, '(41)94368-6370', 1),
(202, '(71)92810-3569', 2),
(203, '(31)98967-6932', 1),
(204, '(21)94466-4726', 2),
(205, '(71)99156-9533', 2),
(206, '(51)94351-7368', 2),
(207, '(41)94245-3302', 1),
(208, '(51)91024-1112', 2),
(209, '(11)91367-4010', 2),
(210, '(41)92462-7768', 1),
(211, '(41)93199-3564', 2),
(212, '(31)96103-3147', 1),
(213, '(51)95889-9648', 1),
(214, '(51)98189-3793', 2),
(215, '(51)96488-3348', 2),
(216, '(51)98069-3674', 2),
(217, '(71)98272-5532', 1),
(218, '(21)98120-3415', 2),
(219, '(31)96131-9217', 1),
(220, '(31)99698-2743', 2),
(221, '(51)99651-5677', 1),
(222, '(21)95394-3874', 2),
(223, '(31)97932-4476', 2),
(224, '(31)99057-2299', 1),
(225, '(51)91087-4334', 1),
(226, '(21)94929-7246', 2),
(227, '(21)94546-8783', 2),
(228, '(51)98219-9572', 2),
(229, '(21)95818-4899', 2),
(230, '(11)91236-1519', 2),
(231, '(11)99189-1653', 2),
(232, '(71)91532-4688', 2),
(233, '(71)98949-8816', 1),
(234, '(51)93502-4543', 2),
(235, '(11)99213-2292', 2),
(236, '(51)92016-5124', 1),
(237, '(71)94179-2630', 1),
(238, '(21)95561-4552', 2),
(239, '(11)98146-8952', 1),
(240, '(21)98207-2704', 1),
(241, '(31)96441-5029', 1),
(242, '(51)91451-6057', 1),
(243, '(51)94388-9119', 1),
(244, '(31)97737-5005', 2),
(245, '(71)92246-9818', 2),
(246, '(51)99706-3397', 1),
(247, '(71)93664-4698', 2),
(248, '(31)96687-4725', 1),
(249, '(21)97527-3177', 2),
(250, '(41)94115-1088', 1),
(251, '(31)97334-9966', 2),
(252, '(21)94540-3250', 1),
(253, '(21)98597-4831', 1),
(254, '(11)91330-5982', 1),
(255, '(21)97516-2557', 1),
(256, '(41)97466-1808', 2),
(257, '(41)99805-7161', 2),
(258, '(11)98685-4602', 2),
(259, '(41)97242-3834', 2),
(260, '(21)91068-7745', 2),
(261, '(11)91997-7233', 2),
(262, '(41)92357-1029', 2),
(263, '(11)98895-9035', 1),
(264, '(31)99085-5732', 2),
(265, '(31)98198-1404', 2),
(266, '(11)94939-3777', 1),
(267, '(11)95928-2050', 1),
(268, '(71)92725-7991', 1),
(269, '(41)99366-8050', 1),
(270, '(11)97018-8556', 1),
(271, '(31)97606-6401', 1),
(272, '(11)97416-4524', 2),
(273, '(71)94875-2832', 2),
(274, '(51)96901-9369', 2),
(275, '(71)96145-1667', 1),
(276, '(11)99860-9763', 1),
(277, '(51)94558-8005', 1),
(278, '(11)93300-8885', 2),
(279, '(51)95434-7511', 2),
(280, '(41)97702-8247', 2),
(281, '(21)96803-7276', 2),
(282, '(41)98474-7127', 2),
(283, '(31)99370-7426', 2),
(284, '(41)91857-6569', 1),
(285, '(71)96907-7915', 2),
(286, '(21)99729-9119', 2),
(287, '(51)93021-5035', 2),
(288, '(41)98793-8794', 1),
(289, '(11)94106-9535', 1),
(290, '(31)96138-8440', 1),
(291, '(21)96238-8295', 2),
(292, '(41)99537-6259', 2),
(293, '(51)91276-3448', 2),
(294, '(51)97355-1918', 2),
(295, '(21)93014-7714', 2),
(296, '(31)97435-6705', 2),
(297, '(21)97677-2049', 1),
(298, '(51)99334-2901', 1),
(299, '(11)99601-2459', 2),
(300, '(11)92616-3848', 1),
(301, '(11)99985-8662', 1),
(302, '(51)94025-6673', 1),
(303, '(21)94236-2454', 1),
(304, '(51)96864-3042', 2),
(305, '(41)95349-3920', 1),
(306, '(11)97207-8859', 2),
(307, '(31)99411-3090', 2),
(308, '(71)95105-2480', 2),
(309, '(51)91475-3659', 2),
(310, '(31)97179-2674', 1),
(311, '(51)99694-3508', 1),
(312, '(31)94093-7429', 1),
(313, '(51)95014-9358', 2),
(314, '(31)95787-6228', 2),
(315, '(41)94512-9610', 2),
(316, '(31)98409-5845', 1),
(317, '(31)92076-5106', 1),
(318, '(11)91842-9894', 1),
(319, '(41)92296-3630', 2),
(320, '(71)93174-1722', 2),
(321, '(21)94983-9917', 2),
(322, '(41)99982-7905', 1),
(323, '(71)95589-5487', 1),
(324, '(41)96185-1632', 1),
(325, '(71)97713-7533', 1),
(326, '(11)91350-9737', 1),
(327, '(21)94998-6291', 2),
(328, '(71)98400-5923', 2),
(329, '(31)95138-4282', 1),
(330, '(51)92870-6170', 2),
(331, '(71)97519-5829', 1),
(332, '(41)95612-4205', 2),
(333, '(21)93348-7254', 1),
(334, '(71)95068-1729', 2),
(335, '(41)95395-4304', 1),
(336, '(11)98367-3685', 2),
(337, '(51)99882-7514', 2),
(338, '(51)91917-4642', 2),
(339, '(51)94210-4288', 2),
(340, '(11)96564-8547', 2),
(341, '(41)96939-7698', 1),
(342, '(71)93193-3529', 1),
(343, '(31)95851-2420', 2),
(344, '(71)94196-7616', 2),
(345, '(51)96619-7769', 2),
(346, '(41)93119-9937', 2),
(347, '(71)96041-1339', 1),
(348, '(41)98712-5858', 1),
(349, '(71)94603-6889', 1),
(350, '(51)92972-8627', 2),
(351, '(51)92920-1444', 2),
(352, '(71)93622-1952', 1),
(353, '(31)94528-9141', 1),
(354, '(31)97918-5453', 2),
(355, '(51)99970-3520', 1),
(356, '(41)98079-4113', 1),
(357, '(31)91775-4775', 2),
(358, '(31)98113-7833', 2),
(359, '(51)95867-4478', 1),
(360, '(51)97485-2722', 1),
(361, '(31)92138-4591', 2),
(362, '(31)96954-7668', 2),
(363, '(11)94683-6535', 1),
(364, '(41)98700-9899', 1),
(365, '(11)93161-6480', 2),
(366, '(31)95710-8224', 2),
(367, '(21)95601-9927', 2),
(368, '(21)93343-6221', 1),
(369, '(31)96964-8299', 1),
(370, '(31)94998-5012', 1),
(371, '(41)96690-5297', 2),
(372, '(31)92249-6818', 2),
(373, '(71)98813-9298', 2),
(374, '(11)98558-8271', 2),
(375, '(51)95493-8335', 1),
(376, '(51)96917-3277', 1),
(377, '(51)97900-9550', 2),
(378, '(41)98913-9836', 1),
(379, '(51)92058-5032', 1),
(380, '(41)91535-9162', 1),
(381, '(11)94283-5994', 1),
(382, '(21)97327-4903', 2),
(383, '(31)95610-7739', 2),
(384, '(41)97847-7879', 2),
(385, '(31)95508-3624', 2),
(386, '(31)93176-7088', 2),
(387, '(71)93170-2632', 1),
(388, '(71)95776-7240', 1),
(389, '(21)94123-7926', 2),
(390, '(51)97975-1543', 1),
(391, '(51)97050-3127', 2),
(392, '(11)93295-2441', 1),
(393, '(51)93665-1033', 1),
(394, '(21)91021-1951', 2),
(395, '(31)94495-5957', 2),
(396, '(51)99227-4178', 1),
(397, '(51)96267-1245', 1),
(398, '(41)96542-1125', 2),
(399, '(71)98945-6530', 1),
(400, '(21)95407-8431', 1),
(401, '(41)93125-7344', 1),
(402, '(21)92680-1012', 2),
(403, '(31)98089-3642', 2),
(404, '(21)93913-7790', 1),
(405, '(71)96420-6284', 1),
(406, '(21)95069-5359', 2),
(407, '(21)94619-4827', 2),
(408, '(51)96714-3503', 2),
(409, '(11)99548-3702', 2),
(410, '(21)99856-7172', 1),
(411, '(11)99707-8610', 2),
(412, '(21)91528-4790', 1),
(413, '(21)97206-1458', 2),
(414, '(21)99846-1230', 2),
(415, '(11)93394-7280', 1),
(416, '(71)98174-8296', 1),
(417, '(11)99323-9967', 2),
(418, '(21)97430-9165', 1),
(419, '(31)94404-5195', 1),
(420, '(21)96231-2991', 1),
(421, '(41)97237-3937', 1),
(422, '(31)97709-6878', 1),
(423, '(31)95252-1819', 1),
(424, '(31)92415-1400', 1),
(425, '(31)99588-5337', 2),
(426, '(31)98340-1837', 1),
(427, '(11)94480-7367', 1),
(428, '(11)98314-8816', 1),
(429, '(71)94328-7972', 1),
(430, '(51)97870-4425', 1),
(431, '(21)91895-8410', 1),
(432, '(71)99943-5336', 1),
(433, '(51)93453-2639', 1),
(434, '(51)92355-5214', 2),
(435, '(31)93749-6578', 1),
(436, '(41)91056-8228', 1),
(437, '(41)99667-6101', 1),
(438, '(41)94966-7962', 1),
(439, '(41)95068-9893', 2),
(440, '(71)99023-9137', 1),
(441, '(51)96267-7138', 1),
(442, '(21)96909-7622', 1),
(443, '(11)96529-8077', 1),
(444, '(21)92159-2099', 1),
(445, '(31)94036-7272', 2),
(446, '(41)95446-5226', 2),
(447, '(71)96485-1329', 1),
(448, '(71)97930-4519', 2),
(449, '(71)98138-1200', 1),
(450, '(21)97855-1771', 1),
(451, '(31)98646-2651', 2),
(452, '(21)96639-4265', 2),
(453, '(21)99460-2539', 2),
(454, '(51)93782-1858', 1),
(455, '(71)94083-1775', 2),
(456, '(21)96492-3610', 1),
(457, '(51)93319-8752', 2),
(458, '(21)96626-5307', 2),
(459, '(41)95726-1150', 2),
(460, '(11)99222-4130', 1),
(461, '(41)91450-7750', 1),
(462, '(11)98737-3553', 2),
(463, '(41)99459-1216', 1),
(464, '(41)93799-3051', 1),
(465, '(21)95210-4311', 1),
(466, '(11)99825-9149', 2),
(467, '(51)96036-9779', 1),
(468, '(71)92884-9902', 1),
(469, '(31)92050-2101', 2),
(470, '(51)91985-6639', 2),
(471, '(11)95120-2109', 1),
(472, '(11)95460-8891', 1),
(473, '(11)92079-9022', 2),
(474, '(31)92483-3120', 1),
(475, '(11)92210-3090', 1),
(476, '(11)91989-1314', 2),
(477, '(71)99536-5222', 1),
(478, '(11)94797-9249', 1),
(479, '(31)99563-3667', 1),
(480, '(41)95428-4135', 2),
(481, '(11)94969-3076', 2),
(482, '(11)93134-1858', 1),
(483, '(51)92352-2176', 2),
(484, '(41)92606-4741', 2),
(485, '(31)99270-3718', 2),
(486, '(51)92986-1998', 2),
(487, '(71)95762-4965', 2),
(488, '(21)93669-1074', 1),
(489, '(31)98844-5064', 2),
(490, '(41)93998-6554', 2),
(491, '(51)94044-5445', 1),
(492, '(31)97484-9601', 2),
(493, '(21)97095-1766', 1),
(494, '(21)92419-9044', 2),
(495, '(21)92476-6978', 2),
(496, '(21)98139-7082', 1),
(497, '(31)95147-4507', 2),
(498, '(41)91673-9449', 2),
(499, '(31)97127-6992', 1),
(500, '(21)94815-9726', 2);